-- MySQL dump 10.13  Distrib 5.1.73, for redhat-linux-gnu (x86_64)
--
-- Host: localhost    Database: vacationTracker
-- ------------------------------------------------------
-- Server version	5.1.73-log

/*!40101 SET @OLD_CHARACTER_SET_CLIENT=@@CHARACTER_SET_CLIENT */;
/*!40101 SET @OLD_CHARACTER_SET_RESULTS=@@CHARACTER_SET_RESULTS */;
/*!40101 SET @OLD_COLLATION_CONNECTION=@@COLLATION_CONNECTION */;
/*!40101 SET NAMES utf8 */;
/*!40103 SET @OLD_TIME_ZONE=@@TIME_ZONE */;
/*!40103 SET TIME_ZONE='+00:00' */;
/*!40014 SET @OLD_UNIQUE_CHECKS=@@UNIQUE_CHECKS, UNIQUE_CHECKS=0 */;
/*!40014 SET @OLD_FOREIGN_KEY_CHECKS=@@FOREIGN_KEY_CHECKS, FOREIGN_KEY_CHECKS=0 */;
/*!40101 SET @OLD_SQL_MODE=@@SQL_MODE, SQL_MODE='NO_AUTO_VALUE_ON_ZERO' */;
/*!40111 SET @OLD_SQL_NOTES=@@SQL_NOTES, SQL_NOTES=0 */;

--
-- Table structure for table `added_hours`
--

DROP TABLE IF EXISTS `added_hours`;
/*!40101 SET @saved_cs_client     = @@character_set_client */;
/*!40101 SET character_set_client = utf8 */;
CREATE TABLE `added_hours` (
  `added_hours_id` int(10) unsigned NOT NULL AUTO_INCREMENT,
  `hours` float NOT NULL,
  `user_type_id` int(10) unsigned NOT NULL,
  `pay_period_id` int(10) unsigned NOT NULL,
  `leave_type_id` int(10) unsigned NOT NULL,
  `date` date NOT NULL,
  `user_id` int(10) unsigned NOT NULL,
  `description` text NOT NULL,
  `year_info_id` int(10) unsigned NOT NULL,
  `begining_of_pay_period` tinyint(1) NOT NULL,
  PRIMARY KEY (`added_hours_id`)
) ENGINE=InnoDB AUTO_INCREMENT=9632 DEFAULT CHARSET=latin1;
/*!40101 SET character_set_client = @saved_cs_client */;

--
-- Dumping data for table `added_hours`
--

LOCK TABLES `added_hours` WRITE;
/*!40000 ALTER TABLE `added_hours` DISABLE KEYS */;
/*!40000 ALTER TABLE `added_hours` ENABLE KEYS */;
UNLOCK TABLES;

--
-- Table structure for table `authen_key`
--

DROP TABLE IF EXISTS `authen_key`;
/*!40101 SET @saved_cs_client     = @@character_set_client */;
/*!40101 SET character_set_client = utf8 */;
CREATE TABLE `authen_key` (
  `confirm_key` varchar(32) NOT NULL,
  `status_id` int(10) unsigned NOT NULL,
  `leave_id` int(11) NOT NULL,
  `date_created` datetime NOT NULL,
  `supervisor_id` int(11) NOT NULL,
  `cookie_created` tinyint(1) NOT NULL,
  `cookie` varchar(32) NOT NULL
) ENGINE=InnoDB DEFAULT CHARSET=latin1;
/*!40101 SET character_set_client = @saved_cs_client */;

--
-- Dumping data for table `authen_key`
--

LOCK TABLES `authen_key` WRITE;
/*!40000 ALTER TABLE `authen_key` DISABLE KEYS */;
INSERT INTO `authen_key` VALUES ('0be23575b61b6e8bb18ea01cc42b2da4',2,306,'2011-03-09 16:29:15',13,1,'c2466ce6b0dad018b57cfdca2c0a0b4a'),('58e970aab8ca01382bfa43a94d606b81',2,347,'2011-03-30 09:51:00',13,1,'cf9d00082c5aceff4c0370d860b7509a'),('58e970aab8ca01382bfa43a94d606b81',2,348,'2011-03-30 09:51:00',13,1,'cf9d00082c5aceff4c0370d860b7509a'),('58e970aab8ca01382bfa43a94d606b81',2,329,'2011-03-30 09:51:00',13,1,'cf9d00082c5aceff4c0370d860b7509a'),('ff3b4efe25852f7c28db59d344864b15',2,350,'2011-03-30 09:52:14',13,1,'e4e727e5141dd3a7c6aa3a735917559c'),('c61ac27b674ccd33b7fb85a6d3e87a32',2,443,'2011-05-16 14:17:54',13,0,''),('c61ac27b674ccd33b7fb85a6d3e87a32',2,444,'2011-05-16 14:17:54',13,0,''),('c61ac27b674ccd33b7fb85a6d3e87a32',2,445,'2011-05-16 14:17:54',13,0,''),('235a13cae9364b62704d428465abcd6c',2,443,'2011-05-16 14:25:54',13,0,''),('235a13cae9364b62704d428465abcd6c',2,444,'2011-05-16 14:25:54',13,0,''),('235a13cae9364b62704d428465abcd6c',2,445,'2011-05-16 14:25:54',13,0,''),('16b76c337e53f9bfb08ef02de4cfbffa',2,446,'2011-05-16 14:46:46',13,0,''),('16b76c337e53f9bfb08ef02de4cfbffa',2,447,'2011-05-16 14:46:46',13,0,''),('16b76c337e53f9bfb08ef02de4cfbffa',2,448,'2011-05-16 14:46:46',13,0,''),('7676cf872149b9d6e8b68eb4fde45ec6',2,446,'2011-05-16 14:50:45',13,0,''),('7676cf872149b9d6e8b68eb4fde45ec6',2,447,'2011-05-16 14:50:45',13,0,''),('7676cf872149b9d6e8b68eb4fde45ec6',2,448,'2011-05-16 14:50:45',13,0,''),('2e430b9dde79ff782253561ce8858fd8',2,446,'2011-05-16 14:55:52',13,1,'10914d7357ae031c55415d72782401bc'),('2e430b9dde79ff782253561ce8858fd8',2,447,'2011-05-16 14:55:52',13,1,'10914d7357ae031c55415d72782401bc'),('2e430b9dde79ff782253561ce8858fd8',2,448,'2011-05-16 14:55:52',13,1,'10914d7357ae031c55415d72782401bc'),('ba093ce8adc6a5d33e26f101d62861b1',2,458,'2011-08-25 16:19:15',13,0,''),('ba093ce8adc6a5d33e26f101d62861b1',2,459,'2011-08-25 16:19:15',13,0,''),('ba093ce8adc6a5d33e26f101d62861b1',2,460,'2011-08-25 16:19:16',13,0,''),('80c77972655eb34296b421dd6df0a575',2,461,'2011-08-25 16:25:02',19,0,''),('80c77972655eb34296b421dd6df0a575',2,462,'2011-08-25 16:25:02',19,0,''),('80c77972655eb34296b421dd6df0a575',2,463,'2011-08-25 16:25:02',19,0,''),('5a696f5595b6e5503acea17ab9c9039a',2,511,'2012-05-09 14:07:08',13,1,'928df8081878133e16f51bb7c986727b'),('5a696f5595b6e5503acea17ab9c9039a',2,512,'2012-05-09 14:07:08',13,1,'928df8081878133e16f51bb7c986727b'),('ad5ea1b864c2aaa3d2584df042f8b9cc',2,513,'2012-05-09 14:08:35',13,0,''),('5d6679738a2bd729d508f06ee92b7b4b',2,517,'2012-05-09 14:12:29',13,0,''),('c9773fafb6ad8a918d0acf8cf73d9009',2,514,'2012-05-09 14:16:31',13,0,''),('c9773fafb6ad8a918d0acf8cf73d9009',2,515,'2012-05-09 14:16:31',13,0,''),('c9773fafb6ad8a918d0acf8cf73d9009',2,516,'2012-05-09 14:16:31',13,0,''),('d6ecec2131db4f7b4c27ae2fa2d07ea9',2,562,'2012-05-10 09:36:58',0,0,''),('d6ecec2131db4f7b4c27ae2fa2d07ea9',2,563,'2012-05-10 09:36:58',0,0,''),('d6ecec2131db4f7b4c27ae2fa2d07ea9',2,564,'2012-05-10 09:36:58',0,0,''),('d6ecec2131db4f7b4c27ae2fa2d07ea9',2,567,'2012-05-10 09:36:58',0,0,''),('d6ecec2131db4f7b4c27ae2fa2d07ea9',2,568,'2012-05-10 09:36:58',0,0,''),('d6ecec2131db4f7b4c27ae2fa2d07ea9',2,569,'2012-05-10 09:36:58',0,0,''),('d6ecec2131db4f7b4c27ae2fa2d07ea9',2,570,'2012-05-10 09:36:58',0,0,''),('d6ecec2131db4f7b4c27ae2fa2d07ea9',2,571,'2012-05-10 09:36:58',0,0,''),('3dbed5900af37b2476cb1e7c31ed628a',2,572,'2012-05-10 09:39:33',0,0,''),('3dbed5900af37b2476cb1e7c31ed628a',2,573,'2012-05-10 09:39:33',0,0,''),('5111445e63df92ced12277a4ee91b735',2,574,'2012-05-10 09:41:46',0,0,''),('5111445e63df92ced12277a4ee91b735',2,575,'2012-05-10 09:41:46',0,0,''),('5111445e63df92ced12277a4ee91b735',2,576,'2012-05-10 09:41:46',0,0,''),('5111445e63df92ced12277a4ee91b735',2,577,'2012-05-10 09:41:46',0,0,''),('5111445e63df92ced12277a4ee91b735',2,578,'2012-05-10 09:41:46',0,0,''),('5111445e63df92ced12277a4ee91b735',2,579,'2012-05-10 09:41:46',0,0,''),('5111445e63df92ced12277a4ee91b735',2,580,'2012-05-10 09:41:46',0,0,''),('f8083abb4c1ec007f5f71f5f389c6523',2,581,'2012-05-10 09:42:17',0,0,''),('f8083abb4c1ec007f5f71f5f389c6523',2,582,'2012-05-10 09:42:17',0,0,''),('c58a60a46ed93e558724dfa0c144d89c',2,583,'2012-05-10 09:42:37',0,0,''),('47ddecb842afcb6aad6b856ec56d58f0',2,584,'2012-05-10 09:43:32',0,0,''),('47ddecb842afcb6aad6b856ec56d58f0',2,585,'2012-05-10 09:43:32',0,0,''),('47ddecb842afcb6aad6b856ec56d58f0',2,586,'2012-05-10 09:43:32',0,0,''),('47ddecb842afcb6aad6b856ec56d58f0',2,587,'2012-05-10 09:43:32',0,0,''),('47ddecb842afcb6aad6b856ec56d58f0',2,588,'2012-05-10 09:43:32',0,0,''),('47ddecb842afcb6aad6b856ec56d58f0',2,589,'2012-05-10 09:43:32',0,0,''),('70c2aa015a19f149dfa722de2c273889',2,650,'2012-05-21 11:45:56',40,1,'2ab5fbc0f0877db303b3d1223841a7ba'),('30f76a42b94257a87cb4a603cedb7255',2,654,'2012-05-23 09:43:11',42,0,''),('7f56c473d0bfee32aae40148debf9582',2,657,'2012-05-23 09:43:40',42,0,''),('7f56c473d0bfee32aae40148debf9582',2,658,'2012-05-23 09:43:40',42,0,''),('7f56c473d0bfee32aae40148debf9582',2,659,'2012-05-23 09:43:40',42,0,''),('d79fe42fb226d543e6a9903551f8e283',2,660,'2012-05-23 09:43:48',42,0,''),('cef97ef9e1953e107fbf5a166e6cc54e',2,680,'2012-05-23 12:38:41',25,0,''),('db4f2587939d0f6c2f479b0c2cf790b3',2,682,'2012-05-23 12:38:50',25,0,''),('db4f2587939d0f6c2f479b0c2cf790b3',2,683,'2012-05-23 12:38:50',25,0,''),('db4f2587939d0f6c2f479b0c2cf790b3',2,684,'2012-05-23 12:38:50',25,0,''),('e23bb6aacf01b00fb5f032ad078003eb',2,737,'2012-05-25 12:46:17',25,1,'0d56a5c17c239779bb7df4221c916142'),('e23bb6aacf01b00fb5f032ad078003eb',2,736,'2012-05-25 12:46:17',25,1,'0d56a5c17c239779bb7df4221c916142'),('e23bb6aacf01b00fb5f032ad078003eb',2,735,'2012-05-25 12:46:17',25,1,'0d56a5c17c239779bb7df4221c916142'),('e23bb6aacf01b00fb5f032ad078003eb',2,734,'2012-05-25 12:46:17',25,1,'0d56a5c17c239779bb7df4221c916142'),('e23bb6aacf01b00fb5f032ad078003eb',2,733,'2012-05-25 12:46:17',25,1,'0d56a5c17c239779bb7df4221c916142'),('e23bb6aacf01b00fb5f032ad078003eb',2,549,'2012-05-25 12:46:17',25,1,'0d56a5c17c239779bb7df4221c916142'),('e23bb6aacf01b00fb5f032ad078003eb',2,548,'2012-05-25 12:46:17',25,1,'0d56a5c17c239779bb7df4221c916142'),('e23bb6aacf01b00fb5f032ad078003eb',2,547,'2012-05-25 12:46:17',25,1,'0d56a5c17c239779bb7df4221c916142'),('e23bb6aacf01b00fb5f032ad078003eb',2,546,'2012-05-25 12:46:17',25,1,'0d56a5c17c239779bb7df4221c916142'),('e23bb6aacf01b00fb5f032ad078003eb',2,545,'2012-05-25 12:46:17',25,1,'0d56a5c17c239779bb7df4221c916142'),('e23bb6aacf01b00fb5f032ad078003eb',2,544,'2012-05-25 12:46:17',25,1,'0d56a5c17c239779bb7df4221c916142'),('e23bb6aacf01b00fb5f032ad078003eb',2,543,'2012-05-25 12:46:17',25,1,'0d56a5c17c239779bb7df4221c916142'),('e23bb6aacf01b00fb5f032ad078003eb',2,542,'2012-05-25 12:46:17',25,1,'0d56a5c17c239779bb7df4221c916142'),('e23bb6aacf01b00fb5f032ad078003eb',2,541,'2012-05-25 12:46:17',25,1,'0d56a5c17c239779bb7df4221c916142'),('e23bb6aacf01b00fb5f032ad078003eb',2,540,'2012-05-25 12:46:17',25,1,'0d56a5c17c239779bb7df4221c916142'),('e23bb6aacf01b00fb5f032ad078003eb',2,539,'2012-05-25 12:46:17',25,1,'0d56a5c17c239779bb7df4221c916142'),('e23bb6aacf01b00fb5f032ad078003eb',2,538,'2012-05-25 12:46:17',25,1,'0d56a5c17c239779bb7df4221c916142'),('e23bb6aacf01b00fb5f032ad078003eb',2,537,'2012-05-25 12:46:17',25,1,'0d56a5c17c239779bb7df4221c916142'),('e23bb6aacf01b00fb5f032ad078003eb',2,536,'2012-05-25 12:46:17',25,1,'0d56a5c17c239779bb7df4221c916142'),('82ab4410900590c56fa0cdbb46dc777c',2,732,'2012-05-25 13:57:06',25,0,''),('82ab4410900590c56fa0cdbb46dc777c',2,731,'2012-05-25 13:57:06',25,0,''),('82ab4410900590c56fa0cdbb46dc777c',2,730,'2012-05-25 13:57:06',25,0,''),('82ab4410900590c56fa0cdbb46dc777c',2,729,'2012-05-25 13:57:06',25,0,''),('5c79bb61f4c2a4d0c3622728d69792e2',2,800,'2012-05-25 14:18:04',42,1,'5acfde019887a8cbd4c0e4c32ba2ad5f'),('5c79bb61f4c2a4d0c3622728d69792e2',2,801,'2012-05-25 14:18:04',42,1,'5acfde019887a8cbd4c0e4c32ba2ad5f'),('5c79bb61f4c2a4d0c3622728d69792e2',2,802,'2012-05-25 14:18:04',42,1,'5acfde019887a8cbd4c0e4c32ba2ad5f'),('6e7f6ec230d083f690732f2b7be1fb93',2,839,'2012-05-28 22:13:55',25,0,''),('ca37180b0c34651ed10fb9ce5c954f80',2,750,'2012-05-28 23:25:51',25,0,''),('ca37180b0c34651ed10fb9ce5c954f80',2,727,'2012-05-28 23:25:51',25,0,''),('ca37180b0c34651ed10fb9ce5c954f80',2,728,'2012-05-28 23:25:51',25,0,''),('ca37180b0c34651ed10fb9ce5c954f80',2,722,'2012-05-28 23:25:51',25,0,''),('ca37180b0c34651ed10fb9ce5c954f80',2,723,'2012-05-28 23:25:51',25,0,''),('ca37180b0c34651ed10fb9ce5c954f80',2,724,'2012-05-28 23:25:51',25,0,''),('ca37180b0c34651ed10fb9ce5c954f80',2,725,'2012-05-28 23:25:51',25,0,''),('ca37180b0c34651ed10fb9ce5c954f80',2,840,'2012-05-28 23:25:51',25,0,''),('d28eb83a6e4d6156ee8ca4b45c5628b0',2,855,'2012-05-29 09:52:42',25,0,''),('d28eb83a6e4d6156ee8ca4b45c5628b0',2,854,'2012-05-29 09:52:42',25,0,''),('d28eb83a6e4d6156ee8ca4b45c5628b0',2,853,'2012-05-29 09:52:42',25,0,''),('d28eb83a6e4d6156ee8ca4b45c5628b0',2,850,'2012-05-29 09:52:42',25,0,''),('d28eb83a6e4d6156ee8ca4b45c5628b0',2,847,'2012-05-29 09:52:42',25,0,''),('d28eb83a6e4d6156ee8ca4b45c5628b0',2,846,'2012-05-29 09:52:42',25,0,''),('d28eb83a6e4d6156ee8ca4b45c5628b0',2,845,'2012-05-29 09:52:42',25,0,''),('d28eb83a6e4d6156ee8ca4b45c5628b0',2,844,'2012-05-29 09:52:42',25,0,''),('d28eb83a6e4d6156ee8ca4b45c5628b0',2,843,'2012-05-29 09:52:42',25,0,''),('322c0de61e8d5ce6a2583bc4e947b81d',2,849,'2012-05-29 09:52:50',25,0,''),('322c0de61e8d5ce6a2583bc4e947b81d',2,848,'2012-05-29 09:52:50',25,0,''),('cb04371e01dc4809d62b4bcf9b730859',2,889,'2012-05-30 09:53:27',42,0,''),('4c2a1de626112ce94be314c185efc37f',2,890,'2012-05-30 09:54:59',42,0,''),('b285fecd71d630cee7b5e630ba14d874',2,902,'2012-05-31 15:09:45',20,1,'4554410bde89a9a63b8382873acff1a0'),('1429fe7ffe230026e6a874be2ae7eab1',2,903,'2012-05-31 15:10:23',20,1,'8835c56b7462fe5ca43e8bdcf6f09551'),('b53190b3928d60e2f18efe9538057fbe',2,934,'2012-06-01 08:42:38',20,1,'a0d7b3cd509f53dfbc5fcc8c252ee5a5'),('b53190b3928d60e2f18efe9538057fbe',2,935,'2012-06-01 08:42:38',20,1,'a0d7b3cd509f53dfbc5fcc8c252ee5a5'),('2a62c3c62c8f90de0af6ff1c5ca702d2',2,969,'2012-06-01 14:35:42',25,0,''),('518a2864e1032f2c75ace26af955ebb7',2,952,'2012-06-01 14:35:59',25,0,''),('4b4c263dc0835eb4508cd7bb52634052',2,959,'2012-06-01 14:36:06',25,0,''),('4b4c263dc0835eb4508cd7bb52634052',2,960,'2012-06-01 14:36:06',25,0,''),('7f28444c078e7837c527428770e46c56',2,950,'2012-06-05 08:58:48',42,0,''),('7f28444c078e7837c527428770e46c56',2,972,'2012-06-05 08:58:48',42,0,''),('956644efc81b10f7f02e7f4f3a624ed7',2,973,'2012-06-05 11:15:53',25,0,''),('956644efc81b10f7f02e7f4f3a624ed7',2,974,'2012-06-05 11:15:53',25,0,''),('956644efc81b10f7f02e7f4f3a624ed7',2,975,'2012-06-05 11:15:53',25,0,''),('956644efc81b10f7f02e7f4f3a624ed7',2,976,'2012-06-05 11:15:53',25,0,''),('956644efc81b10f7f02e7f4f3a624ed7',2,977,'2012-06-05 11:15:53',25,0,''),('956644efc81b10f7f02e7f4f3a624ed7',2,979,'2012-06-05 11:15:53',25,0,''),('956644efc81b10f7f02e7f4f3a624ed7',2,980,'2012-06-05 11:15:53',25,0,''),('956644efc81b10f7f02e7f4f3a624ed7',2,981,'2012-06-05 11:15:53',25,0,''),('956644efc81b10f7f02e7f4f3a624ed7',2,982,'2012-06-05 11:15:53',25,0,''),('17db9fdff2aa7bb03fa27ff9bb00126c',2,984,'2012-06-06 16:47:54',20,1,'cf9fb15b73f04b1e8dc547206c1c8356'),('0b585780e1d050751f311d7403c69755',2,983,'2012-06-07 16:26:43',37,1,'44d66ab4bdeb5efdba998fcda0063655'),('2c64e207205d710b79384ccac0ff2444',2,985,'2012-06-08 17:13:19',20,1,'c05f9132b8e5b61cf8fd94e4a104a4a6'),('2c64e207205d710b79384ccac0ff2444',2,986,'2012-06-08 17:13:19',20,1,'c05f9132b8e5b61cf8fd94e4a104a4a6'),('07234ce92f2ece1138e2f4ed94a95d92',2,987,'2012-06-08 17:13:32',20,1,'e04b4e88ce6c21e0cb8085ede40b254b'),('07234ce92f2ece1138e2f4ed94a95d92',2,988,'2012-06-08 17:13:32',20,1,'e04b4e88ce6c21e0cb8085ede40b254b'),('07234ce92f2ece1138e2f4ed94a95d92',2,989,'2012-06-08 17:13:32',20,1,'e04b4e88ce6c21e0cb8085ede40b254b'),('07234ce92f2ece1138e2f4ed94a95d92',2,990,'2012-06-08 17:13:32',20,1,'e04b4e88ce6c21e0cb8085ede40b254b'),('07234ce92f2ece1138e2f4ed94a95d92',2,991,'2012-06-08 17:13:32',20,1,'e04b4e88ce6c21e0cb8085ede40b254b'),('c872a68967356a48ee36f38964ca1ab0',2,992,'2012-06-08 17:13:49',20,1,'7642990d7befaa39b14e4f758bc74cbc'),('8174141c33607cc81940df3f5396bcc2',2,1029,'2012-06-12 10:09:26',20,1,'46b0349d0b3008e9db0da660fdc5ca81'),('131e028d920d47fe5f4277c60b2b440b',2,982,'2012-06-12 11:31:57',25,1,'309103d704b622d8f1bd887ab185a415'),('131e028d920d47fe5f4277c60b2b440b',2,981,'2012-06-12 11:31:57',25,1,'309103d704b622d8f1bd887ab185a415'),('131e028d920d47fe5f4277c60b2b440b',2,980,'2012-06-12 11:31:57',25,1,'309103d704b622d8f1bd887ab185a415'),('131e028d920d47fe5f4277c60b2b440b',2,979,'2012-06-12 11:31:57',25,1,'309103d704b622d8f1bd887ab185a415'),('131e028d920d47fe5f4277c60b2b440b',2,977,'2012-06-12 11:31:57',25,1,'309103d704b622d8f1bd887ab185a415'),('131e028d920d47fe5f4277c60b2b440b',2,976,'2012-06-12 11:31:57',25,1,'309103d704b622d8f1bd887ab185a415'),('131e028d920d47fe5f4277c60b2b440b',2,975,'2012-06-12 11:31:57',25,1,'309103d704b622d8f1bd887ab185a415'),('131e028d920d47fe5f4277c60b2b440b',2,974,'2012-06-12 11:31:57',25,1,'309103d704b622d8f1bd887ab185a415'),('131e028d920d47fe5f4277c60b2b440b',2,973,'2012-06-12 11:31:57',25,1,'309103d704b622d8f1bd887ab185a415'),('9cc3616d5cf55b6917304d966c99eb27',2,1038,'2012-06-12 12:47:47',40,1,'4e99d6380a90f62c2d1c0dc95c88fe81'),('9c54f873708cf8acd92d99a3c06cea39',2,1041,'2012-06-18 11:24:31',42,0,''),('9c54f873708cf8acd92d99a3c06cea39',2,1042,'2012-06-18 11:24:31',42,0,''),('9c54f873708cf8acd92d99a3c06cea39',2,1043,'2012-06-18 11:24:31',42,0,''),('9c54f873708cf8acd92d99a3c06cea39',2,1044,'2012-06-18 11:24:31',42,0,''),('9c54f873708cf8acd92d99a3c06cea39',2,1045,'2012-06-18 11:24:31',42,0,''),('9c54f873708cf8acd92d99a3c06cea39',2,1046,'2012-06-18 11:24:31',42,0,''),('9c54f873708cf8acd92d99a3c06cea39',2,1047,'2012-06-18 11:24:31',42,0,''),('ec60061ab3c96738bb962bb4c79dbbf2',2,1052,'2012-06-18 15:03:48',20,1,'ea5d8fcb132cc4509e20abb5d4ea322c'),('ec60061ab3c96738bb962bb4c79dbbf2',2,1053,'2012-06-18 15:03:48',20,1,'ea5d8fcb132cc4509e20abb5d4ea322c'),('4e488eb22d3ba5b8cb221b45377fa45b',2,1054,'2012-06-19 09:45:33',13,1,'37d66a08db1c78cc9c7d75d92ce7cbbb'),('4e488eb22d3ba5b8cb221b45377fa45b',2,1055,'2012-06-19 09:45:33',13,1,'37d66a08db1c78cc9c7d75d92ce7cbbb'),('4d3b5ba4af10d9d908ace1285022e6c2',2,1058,'2012-06-20 11:50:30',20,1,'3df17e568b50805bd34e58f48c0e42a4'),('a8a3905f811ea5a87a9426f88b2bc16e',2,1059,'2012-06-21 16:41:46',20,1,'192bdcc200665a7f03120f5990cd1234'),('d4371437d549a8df2c00a4bf334a2089',2,1060,'2012-06-25 12:06:56',20,1,'fbd7cad6955fef2b94f102adc95d0203'),('785030b33f1fa49f16951dcaae73fb46',2,1061,'2012-06-26 10:16:12',42,0,''),('b27acfe6c4a2ca784606d371c89f69eb',2,1066,'2012-06-29 07:50:31',42,0,''),('cc90bd952a57805f6e474e8bf2a0ccd1',2,1068,'2012-06-29 14:59:13',20,1,'d771d754536b19155b32a403123e86fb'),('d2b9887d3cb1cb67c24c1b5dd8d92510',2,1069,'2012-06-29 15:00:52',20,1,'7766c1ed51ca2ec6b1a0ab69d6962bd3'),('6ba6814ab40c3845df62797f9f809bb1',2,1070,'2012-06-29 15:01:58',20,1,'5a3724c72a18e876512ac49c82d673f0'),('81a76e504aeaefa49fe620f60431f296',2,1071,'2012-06-29 15:03:51',40,1,'fa9b3cbf95549b64f64174339ce7eff5'),('81a76e504aeaefa49fe620f60431f296',2,1072,'2012-06-29 15:03:51',40,1,'fa9b3cbf95549b64f64174339ce7eff5'),('f9f55e7c397f876ee03e06e2df28800c',2,1074,'2012-07-03 15:59:00',20,1,'25f80cf998bf4a05f136fd247e612e55'),('f9f55e7c397f876ee03e06e2df28800c',2,1075,'2012-07-03 15:59:00',20,1,'25f80cf998bf4a05f136fd247e612e55'),('f9f55e7c397f876ee03e06e2df28800c',2,1076,'2012-07-03 15:59:00',20,1,'25f80cf998bf4a05f136fd247e612e55'),('f9f55e7c397f876ee03e06e2df28800c',2,1077,'2012-07-03 15:59:00',20,1,'25f80cf998bf4a05f136fd247e612e55'),('f9f55e7c397f876ee03e06e2df28800c',2,1078,'2012-07-03 15:59:00',20,1,'25f80cf998bf4a05f136fd247e612e55'),('f9f55e7c397f876ee03e06e2df28800c',2,1079,'2012-07-03 15:59:00',20,1,'25f80cf998bf4a05f136fd247e612e55'),('f9f55e7c397f876ee03e06e2df28800c',2,1080,'2012-07-03 15:59:00',20,1,'25f80cf998bf4a05f136fd247e612e55'),('c3c4b95024801e761a4fba0134db6f19',2,977,'2012-07-06 08:51:30',25,1,'8e6af1364b2bb634cf1bc0eb563edbc0'),('c3c4b95024801e761a4fba0134db6f19',2,976,'2012-07-06 08:51:30',25,1,'8e6af1364b2bb634cf1bc0eb563edbc0'),('c3c4b95024801e761a4fba0134db6f19',2,975,'2012-07-06 08:51:30',25,1,'8e6af1364b2bb634cf1bc0eb563edbc0'),('c3c4b95024801e761a4fba0134db6f19',2,974,'2012-07-06 08:51:30',25,1,'8e6af1364b2bb634cf1bc0eb563edbc0'),('c3c4b95024801e761a4fba0134db6f19',2,973,'2012-07-06 08:51:30',25,1,'8e6af1364b2bb634cf1bc0eb563edbc0'),('fbf0bac52128112f653de189440f1132',2,1083,'2012-07-06 15:34:22',40,1,'996fdbbc40c183055fa9253ee85113ec'),('d5653d1520b6afe2929a2e20e879b64d',2,1084,'2012-07-10 09:07:11',42,0,''),('aca09d5d23f9203ca404014cb1c68a71',2,1086,'2012-07-11 14:24:31',20,1,'32bd3e80a208d979e9d4c3365666b32c'),('aca09d5d23f9203ca404014cb1c68a71',2,1087,'2012-07-11 14:24:31',20,1,'32bd3e80a208d979e9d4c3365666b32c'),('aca09d5d23f9203ca404014cb1c68a71',2,1090,'2012-07-11 14:24:31',20,1,'32bd3e80a208d979e9d4c3365666b32c'),('dc03e0eee8266d34d075869c3b68d2c0',2,1091,'2012-07-11 14:25:50',20,1,'22c30323808a3974f588e1e72ee42587'),('dc03e0eee8266d34d075869c3b68d2c0',2,1092,'2012-07-11 14:25:50',20,1,'22c30323808a3974f588e1e72ee42587'),('dc03e0eee8266d34d075869c3b68d2c0',2,1093,'2012-07-11 14:25:50',20,1,'22c30323808a3974f588e1e72ee42587'),('dc03e0eee8266d34d075869c3b68d2c0',2,1094,'2012-07-11 14:25:50',20,1,'22c30323808a3974f588e1e72ee42587'),('dc03e0eee8266d34d075869c3b68d2c0',2,1095,'2012-07-11 14:25:50',20,1,'22c30323808a3974f588e1e72ee42587'),('e687976bd471e21deef1863473a1910a',2,1096,'2012-07-11 15:58:40',25,1,'f2934dcf04bd21e544c43909f9593ea9'),('e687976bd471e21deef1863473a1910a',2,1097,'2012-07-11 15:58:40',25,1,'f2934dcf04bd21e544c43909f9593ea9'),('e687976bd471e21deef1863473a1910a',2,1098,'2012-07-11 15:58:40',25,1,'f2934dcf04bd21e544c43909f9593ea9'),('e687976bd471e21deef1863473a1910a',2,1099,'2012-07-11 15:58:40',25,1,'f2934dcf04bd21e544c43909f9593ea9'),('e687976bd471e21deef1863473a1910a',2,1100,'2012-07-11 15:58:40',25,1,'f2934dcf04bd21e544c43909f9593ea9'),('ff8d99e9b7add04b41203e1154c0b28d',2,1101,'2012-07-13 06:52:54',37,1,'b4a9b8111277c755d7b812c75d44588e'),('ff8d99e9b7add04b41203e1154c0b28d',2,1102,'2012-07-13 06:52:54',37,1,'b4a9b8111277c755d7b812c75d44588e'),('84e0dea6828ebccf9a7fbfb77e8a9157',2,1103,'2012-07-16 08:22:04',40,1,'345291d30fefc7addc0c963a71f3ffcb'),('60d11440a0191de71519a9418cb62ffe',2,1106,'2012-07-17 07:54:27',40,1,'61f26295b06298f9b765326ae00e0ed3'),('60d11440a0191de71519a9418cb62ffe',2,1107,'2012-07-17 07:54:27',40,1,'61f26295b06298f9b765326ae00e0ed3'),('60d11440a0191de71519a9418cb62ffe',2,1108,'2012-07-17 07:54:27',40,1,'61f26295b06298f9b765326ae00e0ed3'),('fc0ba9494ce7bdfe1b029d0e33abc1e7',2,1109,'2012-07-17 12:11:52',20,1,'8612d57d0415e88b66193633b4180bfc'),('40920a7104c54b7f40de021a59631274',2,1111,'2012-07-18 08:52:26',42,1,'aa6da50d77375916ba75264f9b4f50eb'),('de53af47a937acd5ff740865214edd2b',2,1118,'2012-07-23 14:33:03',25,0,''),('de53af47a937acd5ff740865214edd2b',2,1117,'2012-07-23 14:33:03',25,0,''),('de53af47a937acd5ff740865214edd2b',2,1116,'2012-07-23 14:33:03',25,0,''),('de53af47a937acd5ff740865214edd2b',2,1115,'2012-07-23 14:33:03',25,0,''),('de53af47a937acd5ff740865214edd2b',2,1114,'2012-07-23 14:33:03',25,0,''),('7c95b70c06e7cc3bc17404a09c68c267',2,1119,'2012-07-23 15:23:14',20,1,'28d7f4db22a8e71036bde5ebccd9664a'),('188d8bb13893cc01700649bcdde8a2fa',2,1120,'2012-07-24 15:38:00',20,1,'ff19d72c04c84b1ec540200e766e2bb0'),('6c7c9a77e58dba4e7ae5de3fa14f589a',2,1130,'2012-07-30 12:24:10',20,0,''),('c008bb6d9d31dc877c224310fb5fabbb',2,1132,'2012-08-01 11:46:19',40,1,'0d1df0892ec3eaf85399a60c6fdc6236'),('95cceb23bc6a7428a6ea49195f64413c',2,1133,'2012-08-02 08:49:25',20,1,'67b37ee15c956997daa6dc2594a49918'),('60ac72ab10ced54effbff48bfae8d463',2,1134,'2012-08-07 20:41:43',25,1,'9cfeccaeac5adceb4a5a650f8b0a4eb6'),('52f632ee3d1031f663736c8479b0c8d0',2,1138,'2012-08-08 08:21:23',42,1,'4e90ac81f53a77b012dd24742b407c0d'),('52f632ee3d1031f663736c8479b0c8d0',2,1139,'2012-08-08 08:21:23',42,1,'4e90ac81f53a77b012dd24742b407c0d'),('6f1fd340a16224fa9a61f43f21fd9e61',2,1145,'2012-08-09 11:25:50',20,1,'0fdcad317250b0e3fd5f54c1b4ef9cc3'),('6f1fd340a16224fa9a61f43f21fd9e61',2,1146,'2012-08-09 11:25:50',20,1,'0fdcad317250b0e3fd5f54c1b4ef9cc3'),('9c35782b0fb540d7c363eeab6460601d',2,1147,'2012-08-09 11:26:01',20,1,'43a303138c3b97a6c7d842f5f25ae3f7'),('add18adf5a46270af71cf07db34f5294',2,1148,'2012-08-09 14:55:24',25,1,'f742336df5466b2aa34c543d2ca6e66c'),('0147b2b0ecc8d4e93ad5e48a30c133eb',2,1149,'2012-08-10 13:56:59',40,1,'c3c43550f561460ce0fa20589c4f629b'),('d4ef6b27c32a84ad889ba1a112c1acf4',2,1150,'2012-08-15 08:00:03',20,1,'b06c6263ecef3eeece812218e3b9c522'),('d4ef6b27c32a84ad889ba1a112c1acf4',2,1151,'2012-08-15 08:00:03',20,1,'b06c6263ecef3eeece812218e3b9c522'),('b50e5aee1d39ea57dd407982f5935133',2,1155,'2012-08-17 13:15:25',20,0,''),('4e89e1ec8125d6e8c5dcf0353896db42',2,1156,'2012-08-17 13:15:54',20,0,''),('bd1cc279fae3bd8cece2478c30cde46d',2,1157,'2012-08-21 10:56:13',25,0,''),('a18c5e8dfcad9ee7536f3f5a585b6084',2,1159,'2012-08-21 13:58:24',25,0,''),('a18c5e8dfcad9ee7536f3f5a585b6084',2,1158,'2012-08-21 13:58:24',25,0,''),('6268644402d834708fe304fc9066f2df',2,1160,'2012-08-21 15:03:52',25,0,''),('eb7d19e13e7db7a41e867fff8daf713d',2,1164,'2012-08-23 08:46:20',25,0,''),('a3079a4919a8454d2c81be4c27bd4657',2,1170,'2012-08-24 08:03:48',42,1,'5c57dfd46438779f1b5ead9d1aa7a5df'),('6bf42e1896d2ef3cfd5111f374c7e63d',2,1171,'2012-08-24 14:30:17',40,1,'9a0a66ea1346e16acc0021c55bd723e0'),('437d2b6dc17a7ac83c9547792ab7e1ce',2,1162,'2012-08-24 14:31:06',40,1,'b693d02a4ee73211ac63f0408e782381'),('08573d9f15d0e079ad199f5b45d6900f',2,1172,'2012-08-27 08:06:22',40,1,'3dc246747e374ca6956bf5cdf180be7b'),('b732d1aa2fbe230ff7519011c5ff8237',2,1173,'2012-08-27 15:04:15',20,1,'07988fb5bec362cbab720c7eef2dad69'),('2d990223963dea1569c6990d782cc71a',2,1177,'2012-08-28 07:28:24',42,1,'6b9af11f6c21f5d90a55437c62767d2c'),('964fa0b48c4d0d14f14eda8d9329fa5d',2,1178,'2012-08-28 13:53:45',42,1,'6144fbc5e7a2f24894a9a9eba2cdfee0'),('db66c09d9ea1c4df44c084bd5c27f5f6',2,1179,'2012-08-28 14:04:24',42,1,'6913c7bf94be320d2c050083a177b33e'),('31b0ddf6c3acb4a53e6646874ccabe9e',2,1180,'2012-08-29 11:53:04',20,1,'cf2ce9f9dbf1696ef8508a20125260cc'),('a39a85c74fb20135e9f002e627d840c0',2,1182,'2012-09-05 08:47:23',42,1,'57520de1fa15be075d1f419a28d1c881'),('68998007c7461a014cac5f35d1c613e5',2,1174,'2012-09-06 09:58:43',20,1,'9d60309f7f5e46dcd4c3fd2948bd2157'),('68998007c7461a014cac5f35d1c613e5',2,1175,'2012-09-06 09:58:43',20,1,'9d60309f7f5e46dcd4c3fd2948bd2157'),('68998007c7461a014cac5f35d1c613e5',2,1176,'2012-09-06 09:58:43',20,1,'9d60309f7f5e46dcd4c3fd2948bd2157'),('68998007c7461a014cac5f35d1c613e5',2,1185,'2012-09-06 09:58:43',20,1,'9d60309f7f5e46dcd4c3fd2948bd2157'),('6db21ea0654bc703430b36f5e4c198c2',2,1189,'2012-09-07 11:59:50',40,1,'ba38510712c6107f9a4517c42afbaa77'),('6db21ea0654bc703430b36f5e4c198c2',2,1188,'2012-09-07 11:59:50',40,1,'ba38510712c6107f9a4517c42afbaa77'),('d3478b45420fd6d905c61e84dcb8adec',2,1190,'2012-09-10 13:37:49',40,1,'372d27a7e11d47417519feee441adf4b'),('4f62e0355c267d09d01db9a063c1366d',2,1191,'2012-09-10 13:37:58',40,1,'3e2a82d442f6d4f7e090f3bafe6bc585'),('2f57906964ac0e19c80ab7daa8a68b68',2,1194,'2012-09-11 15:06:40',25,0,''),('ef4f9cd135233231e723af16c819939e',2,1195,'2012-09-12 12:22:15',37,1,'0095a5979a15017f720842268e6d86a4'),('ef4f9cd135233231e723af16c819939e',2,1196,'2012-09-12 12:22:15',37,1,'0095a5979a15017f720842268e6d86a4'),('6d15fd19bef85cd013a35f706fcecc3c',2,1192,'2012-09-12 12:22:25',37,1,'dea1051c3da10bb1775648fced478742'),('6d15fd19bef85cd013a35f706fcecc3c',2,1193,'2012-09-12 12:22:25',37,1,'dea1051c3da10bb1775648fced478742'),('d2ef1f98febdc8da76429d4082cec079',2,1198,'2012-09-13 13:52:22',20,1,'0e7fb3c11443e28b5796409aacea4a9b'),('17259b590142ae25fd628e5c91829050',2,1199,'2012-09-17 09:35:11',40,1,'e18fa71b6d39197c52817c46ce1f78f4'),('193bace75eb36c1f5ba48915f88e5766',2,1209,'2012-09-17 13:01:52',25,1,'c5a905dc0d2e5c46c6a6cb8f6767e2a8'),('193bace75eb36c1f5ba48915f88e5766',2,1208,'2012-09-17 13:01:52',25,1,'c5a905dc0d2e5c46c6a6cb8f6767e2a8'),('193bace75eb36c1f5ba48915f88e5766',2,1207,'2012-09-17 13:01:52',25,1,'c5a905dc0d2e5c46c6a6cb8f6767e2a8'),('193bace75eb36c1f5ba48915f88e5766',2,1206,'2012-09-17 13:01:52',25,1,'c5a905dc0d2e5c46c6a6cb8f6767e2a8'),('193bace75eb36c1f5ba48915f88e5766',2,1205,'2012-09-17 13:01:52',25,1,'c5a905dc0d2e5c46c6a6cb8f6767e2a8'),('193bace75eb36c1f5ba48915f88e5766',2,1204,'2012-09-17 13:01:52',25,1,'c5a905dc0d2e5c46c6a6cb8f6767e2a8'),('193bace75eb36c1f5ba48915f88e5766',2,1203,'2012-09-17 13:01:52',25,1,'c5a905dc0d2e5c46c6a6cb8f6767e2a8'),('193bace75eb36c1f5ba48915f88e5766',2,1202,'2012-09-17 13:01:52',25,1,'c5a905dc0d2e5c46c6a6cb8f6767e2a8'),('193bace75eb36c1f5ba48915f88e5766',2,1201,'2012-09-17 13:01:52',25,1,'c5a905dc0d2e5c46c6a6cb8f6767e2a8'),('193bace75eb36c1f5ba48915f88e5766',2,1200,'2012-09-17 13:01:52',25,1,'c5a905dc0d2e5c46c6a6cb8f6767e2a8'),('8d27788246d708b85311f1d578fac0fa',2,1210,'2012-09-17 14:54:04',20,1,'f6e62fddc297c93e941839b007bc5e1d'),('c99fc5f5a5c8857a31d532527afcce45',2,1216,'2012-09-20 08:19:46',20,1,'fa496a8066bac43259ee9ef88b97e237'),('c99fc5f5a5c8857a31d532527afcce45',2,1217,'2012-09-20 08:19:46',20,1,'fa496a8066bac43259ee9ef88b97e237'),('277518e5d5ae8b608258fa6fcf9d8441',2,1212,'2012-09-20 13:45:01',42,1,'a1ef789a97beedce51e2788250a4529e'),('277518e5d5ae8b608258fa6fcf9d8441',2,1213,'2012-09-20 13:45:01',42,1,'a1ef789a97beedce51e2788250a4529e'),('3e7ce3589bfd1bb88c73d240139f6529',2,1218,'2012-09-21 15:30:40',42,1,'4313d614ec2a129ed762835089e83a1d'),('28d7752aaa3bd6433040b086e050dfc7',2,1222,'2012-09-24 08:47:31',25,0,''),('2ca65a37b17167a6d05fa1e99bcb8e85',2,1224,'2012-09-28 09:06:52',37,0,''),('9babb66b5fbd5f698fa2198db79da116',2,1225,'2012-09-30 10:12:01',25,1,'d502cc80baca8895da63abca21b4566f'),('9babb66b5fbd5f698fa2198db79da116',2,1226,'2012-09-30 10:12:01',25,1,'d502cc80baca8895da63abca21b4566f'),('9babb66b5fbd5f698fa2198db79da116',2,1227,'2012-09-30 10:12:01',25,1,'d502cc80baca8895da63abca21b4566f'),('9babb66b5fbd5f698fa2198db79da116',2,1228,'2012-09-30 10:12:01',25,1,'d502cc80baca8895da63abca21b4566f'),('9babb66b5fbd5f698fa2198db79da116',2,1229,'2012-09-30 10:12:01',25,1,'d502cc80baca8895da63abca21b4566f'),('04e6246cf972829db834472f63beaf33',2,1235,'2012-10-03 09:33:10',25,1,'53c6c91153a9fa1963a872a7807fcde0'),('04e6246cf972829db834472f63beaf33',2,1236,'2012-10-03 09:33:10',25,1,'53c6c91153a9fa1963a872a7807fcde0'),('04e6246cf972829db834472f63beaf33',2,1237,'2012-10-03 09:33:10',25,1,'53c6c91153a9fa1963a872a7807fcde0'),('28da6975d1e6735b7858706c55ee3882',2,1238,'2012-10-04 13:19:00',20,1,'8068e4d633eba8d5c6f8513cdb52032f'),('a74a253c58ef2de3a097e0d0562da4fb',2,1239,'2012-10-04 15:08:10',40,1,'a7142b1517bf4182396e240cb0455a56'),('e4580cd9bd1644a49fca00515ab0ad4c',2,1240,'2012-10-10 07:29:25',25,1,'e89c6607d6d7251754f45f6e3fc7454f'),('e76e6aff8718bde97820e265b8258e5e',2,1243,'2012-10-12 09:21:04',25,1,'9eb11b5356de54ce3f9da323282f2fee'),('e76e6aff8718bde97820e265b8258e5e',2,1244,'2012-10-12 09:21:04',25,1,'9eb11b5356de54ce3f9da323282f2fee'),('081bd7eca8fb45eedd11d3abae3fb1e5',2,1271,'2012-10-17 08:33:02',42,1,'22d226badef0b1dc52ada73e56d11757'),('081bd7eca8fb45eedd11d3abae3fb1e5',2,1272,'2012-10-17 08:33:02',42,1,'22d226badef0b1dc52ada73e56d11757'),('081bd7eca8fb45eedd11d3abae3fb1e5',2,1273,'2012-10-17 08:33:02',42,1,'22d226badef0b1dc52ada73e56d11757'),('081bd7eca8fb45eedd11d3abae3fb1e5',2,1274,'2012-10-17 08:33:02',42,1,'22d226badef0b1dc52ada73e56d11757'),('ae9203035415f340856a72e917447093',2,1275,'2012-10-17 09:58:32',42,1,'dda1f63142c94229b7f770adcd32418c'),('f7fa4ed3cbe5a617903e052e1c57aa83',2,1276,'2012-10-19 09:06:27',42,1,'9f3b776ed7eff654c1369e3bef8e0d26'),('61cf99e58dd1cfb4cac95ab0024c77ce',2,1255,'2012-10-22 10:32:22',25,0,''),('61cf99e58dd1cfb4cac95ab0024c77ce',2,1256,'2012-10-22 10:32:22',25,0,''),('61cf99e58dd1cfb4cac95ab0024c77ce',2,1257,'2012-10-22 10:32:22',25,0,''),('f7e76adb9429efcad8d9545eac7a90bd',2,1280,'2012-10-22 16:34:14',42,0,''),('f7e76adb9429efcad8d9545eac7a90bd',2,1279,'2012-10-22 16:34:14',42,0,''),('f7e76adb9429efcad8d9545eac7a90bd',2,1278,'2012-10-22 16:34:14',42,0,''),('5e530860b27870161b7a45502228aab7',2,1281,'2012-10-23 09:10:58',42,1,'6b166323a17c6986f0f14b8ab1acc205'),('a7983179711f2f40d9b57cf78ab19c98',2,1282,'2012-10-23 09:11:06',42,1,'464ecb25f71838beacbe71a83f698150'),('a7983179711f2f40d9b57cf78ab19c98',2,1283,'2012-10-23 09:11:06',42,1,'464ecb25f71838beacbe71a83f698150'),('a7983179711f2f40d9b57cf78ab19c98',2,1284,'2012-10-23 09:11:06',42,1,'464ecb25f71838beacbe71a83f698150'),('d8e0e668a25bb41d16cf95aa290c11be',2,1286,'2012-10-23 14:33:12',40,1,'7b62243a5ddc72501f35c830d1c54a61'),('a2a00dcca3fa529d395171d3de41f891',2,1288,'2012-10-23 15:54:24',25,0,''),('a2a00dcca3fa529d395171d3de41f891',2,1289,'2012-10-23 15:54:24',25,0,''),('a2a00dcca3fa529d395171d3de41f891',2,1290,'2012-10-23 15:54:24',25,0,''),('a2a00dcca3fa529d395171d3de41f891',2,1291,'2012-10-23 15:54:24',25,0,''),('a2a00dcca3fa529d395171d3de41f891',2,1292,'2012-10-23 15:54:24',25,0,''),('a2a00dcca3fa529d395171d3de41f891',2,1293,'2012-10-23 15:54:24',25,0,''),('ed665982c530255e075714b0765d646d',2,1294,'2012-10-24 08:26:36',42,1,'ad4dde6c63072c68362dcb7b6c31f8eb'),('e7612e9c6fa153ebac4a214ca2a8db60',2,1304,'2012-10-29 16:31:56',42,1,'a47ec467931cd3d40520a56560494a32'),('ca2691ad4c086edccbba99f22da29bad',2,1305,'2012-10-30 10:21:13',25,1,'20b65648c085daa97062bcb0d79dd863'),('74d07e61ebce85f38cf13b8c8c35fe4f',2,1306,'2012-10-30 15:33:13',25,1,'b930a4a8b03ec3b0fcc303f857707c69'),('ee3c97bf34284a4f518c5349d411f847',2,1309,'2012-11-01 11:31:50',20,1,'9486bd059e1f927283022188b17c9d57'),('886e7985ca158484796c2492ce4ad6f0',2,1310,'2012-11-01 11:32:02',20,1,'61f0e5cf7be6d4f27e8d93de9cff45c8'),('886e7985ca158484796c2492ce4ad6f0',2,1311,'2012-11-01 11:32:02',20,1,'61f0e5cf7be6d4f27e8d93de9cff45c8'),('886e7985ca158484796c2492ce4ad6f0',2,1312,'2012-11-01 11:32:02',20,1,'61f0e5cf7be6d4f27e8d93de9cff45c8'),('886e7985ca158484796c2492ce4ad6f0',2,1313,'2012-11-01 11:32:02',20,1,'61f0e5cf7be6d4f27e8d93de9cff45c8'),('886e7985ca158484796c2492ce4ad6f0',2,1314,'2012-11-01 11:32:02',20,1,'61f0e5cf7be6d4f27e8d93de9cff45c8'),('ea2cf478a9ee906d946624e9b5683086',2,1315,'2012-11-01 15:10:06',20,1,'3e8a27c1cfddc24d9747ba9fee10ad65'),('ea2cf478a9ee906d946624e9b5683086',2,1316,'2012-11-01 15:10:06',20,1,'3e8a27c1cfddc24d9747ba9fee10ad65'),('ea2cf478a9ee906d946624e9b5683086',2,1317,'2012-11-01 15:10:06',20,1,'3e8a27c1cfddc24d9747ba9fee10ad65'),('4ae602184034f61048b3614c76d44e59',2,1318,'2012-11-01 15:24:07',20,1,'7f94602b56a823e47d878e0a5b0e84a3'),('4ae602184034f61048b3614c76d44e59',2,1322,'2012-11-01 15:24:07',20,1,'7f94602b56a823e47d878e0a5b0e84a3'),('4ae602184034f61048b3614c76d44e59',2,1323,'2012-11-01 15:24:07',20,1,'7f94602b56a823e47d878e0a5b0e84a3'),('4ae602184034f61048b3614c76d44e59',2,1324,'2012-11-01 15:24:07',20,1,'7f94602b56a823e47d878e0a5b0e84a3'),('72454fdd69857b88159af366705bf77a',2,1325,'2012-11-01 15:25:47',20,1,'7f17c37e2e8b53167e0a7cf3c1549a00'),('02d605e893d2ad1d3d81b18c1882b434',2,1336,'2012-11-06 12:48:45',25,1,'274629abd8fc7a6c1ba2515fa51dfc6b'),('02d605e893d2ad1d3d81b18c1882b434',2,1335,'2012-11-06 12:48:45',25,1,'274629abd8fc7a6c1ba2515fa51dfc6b'),('02d605e893d2ad1d3d81b18c1882b434',2,1334,'2012-11-06 12:48:45',25,1,'274629abd8fc7a6c1ba2515fa51dfc6b'),('02d605e893d2ad1d3d81b18c1882b434',2,1333,'2012-11-06 12:48:45',25,1,'274629abd8fc7a6c1ba2515fa51dfc6b'),('02d605e893d2ad1d3d81b18c1882b434',2,1332,'2012-11-06 12:48:45',25,1,'274629abd8fc7a6c1ba2515fa51dfc6b'),('02d605e893d2ad1d3d81b18c1882b434',2,1331,'2012-11-06 12:48:45',25,1,'274629abd8fc7a6c1ba2515fa51dfc6b'),('02d605e893d2ad1d3d81b18c1882b434',2,1330,'2012-11-06 12:48:45',25,1,'274629abd8fc7a6c1ba2515fa51dfc6b'),('02d605e893d2ad1d3d81b18c1882b434',2,1329,'2012-11-06 12:48:45',25,1,'274629abd8fc7a6c1ba2515fa51dfc6b'),('4bd541a8f13d1c504b1fb8f409e4c3ef',2,1337,'2012-11-06 16:16:45',40,1,'0a62f04082fa5f8905ffc4d35da2369b'),('9b521b587942e61f0631b1a19196a5e1',2,1339,'2012-11-12 13:24:56',40,1,'b4469ac6afc7f33229131419c3b74e55'),('840b6d1cf201bd07603c23dfa80602f1',2,1340,'2012-11-12 14:39:07',42,1,'e9e95e45aeb4d6e94fcce75c4b7f6042'),('241749c54403aa624fb4a0d6afc3e7bb',2,1342,'2012-11-14 13:21:06',42,1,'dfacda05d59ca62fbe643f81e08a342b'),('79516f6319542a6fe8a94c90463f70a9',2,1343,'2012-11-15 10:57:53',42,1,'343bc74c63f24250fb0aa9f56c598fce'),('15d936df8913de4189cddd5a8dc46fcf',2,1352,'2012-11-16 08:46:08',20,1,'de0e75c72d92bbe4023d3df11f2798e3'),('d33f64b8643a2ade9d10443ed49504d1',2,1356,'2012-11-22 17:28:06',25,1,'d9ef3950c91ba9b6d061ac051e64a17f'),('d33f64b8643a2ade9d10443ed49504d1',2,1357,'2012-11-22 17:28:06',25,1,'d9ef3950c91ba9b6d061ac051e64a17f'),('d33f64b8643a2ade9d10443ed49504d1',2,1358,'2012-11-22 17:28:06',25,1,'d9ef3950c91ba9b6d061ac051e64a17f'),('bb67c6cecfcc377e4a1be05961d33ff0',2,1360,'2012-11-27 14:12:43',20,1,'33d6a7428321971b1a6cef6b4742e60b'),('4483e2318745e97bd29503b722ba8208',2,1365,'2012-11-29 09:45:11',42,1,'96cffc612092574e7429b95ee23c0422'),('0e2862bbacb2eb75c3e951d629bd64fa',2,1369,'2012-12-05 08:23:08',25,1,'014ec859619ceefb604fc130c46fc72c'),('544209eff9dc4f2d05963b069945ffad',2,1375,'2012-12-06 11:07:17',20,1,'d3e7280ea6331dfef9e18312be71ee14'),('e550c725551d47520b5e50e4a2074144',2,1376,'2012-12-10 16:47:23',25,0,''),('e550c725551d47520b5e50e4a2074144',2,1377,'2012-12-10 16:47:23',25,0,''),('0c46fd4e2afc1a8bb5858ad33de23dfe',2,1326,'2012-12-10 16:48:04',25,0,''),('0c46fd4e2afc1a8bb5858ad33de23dfe',2,1327,'2012-12-10 16:48:04',25,0,''),('0c46fd4e2afc1a8bb5858ad33de23dfe',2,1328,'2012-12-10 16:48:04',25,0,''),('0c46fd4e2afc1a8bb5858ad33de23dfe',2,1221,'2012-12-10 16:48:04',25,0,''),('a7f01d3af6d988c3cf4e4cc4c9cab2b9',2,1378,'2012-12-12 08:34:52',42,1,'375d73b20fd9c39d143466a367187eac'),('0eced0834c8f106508b90e0cb9ffbba1',2,1384,'2012-12-13 08:27:27',25,0,''),('0eced0834c8f106508b90e0cb9ffbba1',2,1383,'2012-12-13 08:27:27',25,0,''),('cb250a7df3182ee05f47fceefd32bb49',2,1385,'2012-12-13 08:36:05',25,0,''),('3fdb3243b3a1fac6fac7e1d1959228dc',2,1379,'2012-12-13 11:34:22',42,0,''),('3fdb3243b3a1fac6fac7e1d1959228dc',2,1380,'2012-12-13 11:34:22',42,0,''),('477eb09387f49474c9a349e708c9a6a2',2,1387,'2012-12-13 13:35:56',20,1,'74717db52e7c551c7fb2af3a4622f52f'),('174608dbebea75b37b430a7482de9434',2,1391,'2012-12-14 16:59:50',25,0,''),('174608dbebea75b37b430a7482de9434',2,1390,'2012-12-14 16:59:50',25,0,''),('174608dbebea75b37b430a7482de9434',2,1389,'2012-12-14 16:59:50',25,0,''),('f86850e4e052512379a63f4b93d533ec',2,1393,'2012-12-18 07:12:31',42,1,'31568e330483899eff1321100aed2c10'),('52d358d67ffb770268ab323fb7655a0d',2,1394,'2012-12-19 07:03:02',25,1,'ae7f579acdbeaf94937a69061a9adbbb'),('b2ec6655c9783f4b95a2be13d029d77f',2,1395,'2012-12-19 08:55:57',20,1,'593c52015044f0d5d1e776f26e77a237'),('85698b4e279f1ec28c66ba4a04a474b9',2,1400,'2012-12-19 09:42:07',42,1,'c5049edcd3600af0880a2b4d758a38e5'),('71d130b08aec3805fbde5d81b1e5825d',2,1401,'2012-12-19 09:48:53',40,1,'154a616684d34f4208d1ccf78dbf0a6f'),('71d130b08aec3805fbde5d81b1e5825d',2,1402,'2012-12-19 09:48:53',40,1,'154a616684d34f4208d1ccf78dbf0a6f'),('71d130b08aec3805fbde5d81b1e5825d',2,1403,'2012-12-19 09:48:53',40,1,'154a616684d34f4208d1ccf78dbf0a6f'),('62c1e14d6f7d1ab16f99b9b7d70c04d6',2,1404,'2012-12-19 10:04:08',42,1,'29f201cd9e49d0c66b300b74d87dbd3f'),('62c1e14d6f7d1ab16f99b9b7d70c04d6',2,1405,'2012-12-19 10:04:08',42,1,'29f201cd9e49d0c66b300b74d87dbd3f'),('62c1e14d6f7d1ab16f99b9b7d70c04d6',2,1406,'2012-12-19 10:04:08',42,1,'29f201cd9e49d0c66b300b74d87dbd3f'),('0ab754388fe7b53cd6d81b22b8b95699',2,1412,'2012-12-19 13:03:49',40,1,'69393d0d36c9f8f537f35d5ce993c5fb'),('0ab754388fe7b53cd6d81b22b8b95699',2,1413,'2012-12-19 13:03:49',40,1,'69393d0d36c9f8f537f35d5ce993c5fb'),('0ab754388fe7b53cd6d81b22b8b95699',2,1414,'2012-12-19 13:03:49',40,1,'69393d0d36c9f8f537f35d5ce993c5fb'),('20542bf9acffa30e50a54b80b9e0c515',2,1423,'2012-12-21 13:37:39',20,1,'fadcfec93393c008fa7794cdff6baa80'),('20542bf9acffa30e50a54b80b9e0c515',2,1424,'2012-12-21 13:37:39',20,1,'fadcfec93393c008fa7794cdff6baa80'),('20542bf9acffa30e50a54b80b9e0c515',2,1425,'2012-12-21 13:37:39',20,1,'fadcfec93393c008fa7794cdff6baa80'),('20542bf9acffa30e50a54b80b9e0c515',2,1426,'2012-12-21 13:37:39',20,1,'fadcfec93393c008fa7794cdff6baa80'),('20542bf9acffa30e50a54b80b9e0c515',2,1427,'2012-12-21 13:37:39',20,1,'fadcfec93393c008fa7794cdff6baa80'),('20542bf9acffa30e50a54b80b9e0c515',2,1428,'2012-12-21 13:37:39',20,1,'fadcfec93393c008fa7794cdff6baa80'),('a783aca5e4d9c54019917d6c3e8a1d0e',2,1418,'2012-12-21 13:38:03',20,1,'07cad5d5885e793cc3efce01c06add9a'),('a783aca5e4d9c54019917d6c3e8a1d0e',2,1419,'2012-12-21 13:38:03',20,1,'07cad5d5885e793cc3efce01c06add9a'),('a783aca5e4d9c54019917d6c3e8a1d0e',2,1420,'2012-12-21 13:38:03',20,1,'07cad5d5885e793cc3efce01c06add9a'),('a783aca5e4d9c54019917d6c3e8a1d0e',2,1421,'2012-12-21 13:38:03',20,1,'07cad5d5885e793cc3efce01c06add9a'),('a783aca5e4d9c54019917d6c3e8a1d0e',2,1422,'2012-12-21 13:38:03',20,1,'07cad5d5885e793cc3efce01c06add9a'),('5bd65912626e8501dbc9812ae362d030',2,1415,'2012-12-21 13:38:14',20,1,'f089381a42a465dd0dc1da540962aa6d'),('5bd65912626e8501dbc9812ae362d030',2,1416,'2012-12-21 13:38:14',20,1,'f089381a42a465dd0dc1da540962aa6d'),('5bd65912626e8501dbc9812ae362d030',2,1417,'2012-12-21 13:38:14',20,1,'f089381a42a465dd0dc1da540962aa6d'),('fb86b8fdc82c01c0bd36787be7f69cad',2,1396,'2012-12-21 14:47:10',20,1,'26e42510514f99fbcebdb7cc5e23e1de'),('fb86b8fdc82c01c0bd36787be7f69cad',2,1397,'2012-12-21 14:47:10',20,1,'26e42510514f99fbcebdb7cc5e23e1de'),('fb86b8fdc82c01c0bd36787be7f69cad',2,1398,'2012-12-21 14:47:10',20,1,'26e42510514f99fbcebdb7cc5e23e1de'),('9539fc7ef1d73f7756ab8c0ef34356bf',2,1436,'2012-12-27 12:13:44',25,1,'f8aa2f7dc8cbed705f7d9a19abe9317d'),('9539fc7ef1d73f7756ab8c0ef34356bf',2,1435,'2012-12-27 12:13:44',25,1,'f8aa2f7dc8cbed705f7d9a19abe9317d'),('9539fc7ef1d73f7756ab8c0ef34356bf',2,1434,'2012-12-27 12:13:44',25,1,'f8aa2f7dc8cbed705f7d9a19abe9317d'),('f123ea8faa0567d81af844a9f7315547',2,1437,'2013-01-02 07:25:40',42,1,'d00b3b07c9dd637c7ef0b4af461ec976'),('1e5b18b288f27db8fa14450de935bf30',2,1440,'2013-01-02 11:25:15',25,0,''),('1e5b18b288f27db8fa14450de935bf30',2,1441,'2013-01-02 11:25:15',25,0,''),('1e5b18b288f27db8fa14450de935bf30',2,1442,'2013-01-02 11:25:15',25,0,''),('1e5b18b288f27db8fa14450de935bf30',2,1443,'2013-01-02 11:25:15',25,0,''),('1e5b18b288f27db8fa14450de935bf30',2,1444,'2013-01-02 11:25:15',25,0,''),('9a14982d06fa2969e180c0589c411090',2,1439,'2013-01-02 11:38:44',42,1,'1f07a5dae25249bd11659d65a4f55912'),('9a14982d06fa2969e180c0589c411090',2,1438,'2013-01-02 11:38:44',42,1,'1f07a5dae25249bd11659d65a4f55912'),('3cd0b28b8a82c8db7c046926e89fbcef',2,1450,'2013-01-02 16:30:32',42,1,'76d883998eb89a307e83a07d950016b8'),('3cd0b28b8a82c8db7c046926e89fbcef',2,1449,'2013-01-02 16:30:32',42,1,'76d883998eb89a307e83a07d950016b8'),('3cd0b28b8a82c8db7c046926e89fbcef',2,1448,'2013-01-02 16:30:32',42,1,'76d883998eb89a307e83a07d950016b8'),('3cd0b28b8a82c8db7c046926e89fbcef',2,1447,'2013-01-02 16:30:32',42,1,'76d883998eb89a307e83a07d950016b8'),('3cd0b28b8a82c8db7c046926e89fbcef',2,1446,'2013-01-02 16:30:32',42,1,'76d883998eb89a307e83a07d950016b8'),('3cd0b28b8a82c8db7c046926e89fbcef',2,1445,'2013-01-02 16:30:32',42,1,'76d883998eb89a307e83a07d950016b8'),('cba82ce4fd62ec31e15a127b58e3066f',2,1451,'2013-01-02 20:20:15',42,1,'c0b389ee56cce7d295344f141cbd1e09'),('cba82ce4fd62ec31e15a127b58e3066f',2,1452,'2013-01-02 20:20:15',42,1,'c0b389ee56cce7d295344f141cbd1e09'),('777dad318d80aa47a2bb306c1081bedb',2,1453,'2013-01-02 20:21:11',42,1,'8e56a1dbdb1413cc15303a7259d18cf6'),('dfdcd39de92f1f9d8e5543b06340a7c1',2,1454,'2013-01-03 16:40:43',40,1,'d97a4d53ebb3397260d8520b4f5030b5'),('3e67e2d0a158bed717aa10c27a86f251',2,1469,'2013-01-08 08:34:38',25,1,'eabb1e0ea7add169214681ad0ceebc35'),('3e67e2d0a158bed717aa10c27a86f251',2,1470,'2013-01-08 08:34:38',25,1,'eabb1e0ea7add169214681ad0ceebc35'),('3e67e2d0a158bed717aa10c27a86f251',2,1471,'2013-01-08 08:34:38',25,1,'eabb1e0ea7add169214681ad0ceebc35'),('ffd18181e0ec962287538c6e9b12ca34',2,1472,'2013-01-10 10:47:16',40,1,'27104f477359e172c3fdc95132ef8e9f'),('ec3a378c54ec9d3f72e58818bb1c0318',2,1473,'2013-01-10 13:01:10',42,1,'2081c20ef20bb59a3e0640a3e1e45391'),('ec3a378c54ec9d3f72e58818bb1c0318',2,1474,'2013-01-10 13:01:10',42,1,'2081c20ef20bb59a3e0640a3e1e45391'),('3728013215f3613e45d94c8e08b4945d',2,1475,'2013-01-14 10:43:17',40,1,'117b870ff05fd7c0e52196a7fd75476f'),('b681494e4c8a60ffc89d290c16af33af',2,1476,'2013-01-14 11:29:26',20,1,'de33cf59950bcb69f1dd3ffcb2a1e7e5'),('80874ea115c6d7455b1ab8b4a9354263',2,1477,'2013-01-15 15:02:02',42,1,'4e64a507c0cbc7e534f82919046fddc2'),('80874ea115c6d7455b1ab8b4a9354263',2,1478,'2013-01-15 15:02:02',42,1,'4e64a507c0cbc7e534f82919046fddc2'),('508aa062752fe837c3108ae643e2c610',2,1479,'2013-01-17 07:58:45',42,1,'2843d19834d3e147b79dc47020ead1d3'),('508aa062752fe837c3108ae643e2c610',2,1480,'2013-01-17 07:58:45',42,1,'2843d19834d3e147b79dc47020ead1d3'),('547100fa6767b678f6735da1d89d1806',2,1481,'2013-01-18 07:42:55',42,1,'01bdae8a92b0e51782402b31322992ec'),('8d7828733601bb3d8f6c743ee465a607',2,1485,'2013-01-19 12:24:42',20,1,'8b596c6d3207289daa2f25009eb2a937'),('e0b4582297225a22921a5d2f423644f6',2,1486,'2013-01-19 12:25:10',20,1,'25fad172d9f70cda4ca846b45b3ab90a'),('da64eb52e4e0401cb6e72bc937000844',2,1487,'2013-01-22 09:25:38',42,1,'48428ae49e4b2895cb2504cea9be5439'),('d17deef34297ea15557808282d47afda',2,1491,'2013-01-23 16:47:26',20,1,'d5ede9f10962213b14f1bf1dda0a3cf6'),('c49a25732bc3e277204eea4fb3f3356f',2,1492,'2013-01-25 10:05:51',42,1,'59bea9e3797e1e72b894480163686a0f'),('cc5f0b685acb98b76f68ef1a185c7e06',2,1495,'2013-02-04 10:57:22',20,0,''),('cc5f0b685acb98b76f68ef1a185c7e06',2,1496,'2013-02-04 10:57:22',20,0,''),('bb8c4f0a92efcea60f08277ab923083c',2,1498,'2013-02-05 15:06:32',25,0,''),('cdd990c026e5352f80ea6fe146983e4f',2,1499,'2013-02-06 08:46:49',42,1,'a7c7c99c93df969aec81e19ec2f5eb10'),('7e96abbdb1e2df27247a5582afe39f30',2,1498,'2013-02-07 11:36:34',25,0,''),('40d5b9685e113f3c7f6c7dc926c044bd',2,1501,'2013-02-11 08:38:06',25,0,''),('40d5b9685e113f3c7f6c7dc926c044bd',2,1502,'2013-02-11 08:38:06',25,0,''),('08156125808e67228ba2290ce879317b',2,1502,'2013-02-12 11:22:02',42,1,'5f20afde5c0e8ba8f9c8b5c9cf374308'),('08156125808e67228ba2290ce879317b',2,1501,'2013-02-12 11:22:02',42,1,'5f20afde5c0e8ba8f9c8b5c9cf374308'),('08156125808e67228ba2290ce879317b',2,1498,'2013-02-12 11:22:02',42,1,'5f20afde5c0e8ba8f9c8b5c9cf374308'),('69c74e1bb75f00f1da51c6147a4e3a15',2,1496,'2013-02-12 14:27:46',20,1,'c43888909507ada4a4da2e2f641112a1'),('69c74e1bb75f00f1da51c6147a4e3a15',2,1495,'2013-02-12 14:27:46',20,1,'c43888909507ada4a4da2e2f641112a1'),('f25a7793c9e84ed7a40dd49632b5975f',2,1509,'2013-02-19 09:42:34',42,1,'150d32dbbe2e22210ba01a19f7a40604'),('f25a7793c9e84ed7a40dd49632b5975f',2,1508,'2013-02-19 09:42:34',42,1,'150d32dbbe2e22210ba01a19f7a40604'),('83175bd3683fd16d26f6bf57a7d3dc9b',2,1510,'2013-02-20 08:23:47',42,1,'62ab9575c45314846ff4369e2918f59d'),('83175bd3683fd16d26f6bf57a7d3dc9b',2,1511,'2013-02-20 08:23:47',42,1,'62ab9575c45314846ff4369e2918f59d'),('03693ccd8331ad0fd807e1e834961e8a',2,1514,'2013-02-22 09:58:22',25,0,''),('03693ccd8331ad0fd807e1e834961e8a',2,1500,'2013-02-22 09:58:22',25,0,''),('03693ccd8331ad0fd807e1e834961e8a',2,1488,'2013-02-22 09:58:22',25,0,''),('24040b6245a83ee0311fe634b428854c',2,1515,'2013-02-25 09:31:37',40,1,'949dba89be447228ff8845ba9ca38004'),('e57b841211e0e8987076fdd341b680d3',2,1516,'2013-02-25 11:59:20',42,1,'bdf889dfdf143700eb2b104125f6809f'),('4be086ede3cdc866b2704f0b610415d2',2,1519,'2013-03-01 11:40:20',25,0,''),('4be086ede3cdc866b2704f0b610415d2',2,1518,'2013-03-01 11:40:20',25,0,''),('a5485b1bdf3db5723ca211350e4e689c',2,1520,'2013-03-01 12:50:07',42,1,'2fe0ae580e589753151baf53200dc6e0'),('94acd4f3cbd5a45bfc4996a0129e8e36',2,1528,'2013-03-07 13:06:36',25,0,''),('94acd4f3cbd5a45bfc4996a0129e8e36',2,1527,'2013-03-07 13:06:36',25,0,''),('94acd4f3cbd5a45bfc4996a0129e8e36',2,1526,'2013-03-07 13:06:36',25,0,''),('94acd4f3cbd5a45bfc4996a0129e8e36',2,1525,'2013-03-07 13:06:36',25,0,''),('94acd4f3cbd5a45bfc4996a0129e8e36',2,1524,'2013-03-07 13:06:36',25,0,''),('828d519b7654923e1f6951aa28173468',2,1540,'2013-03-11 08:46:00',42,1,'b545c811e21f8352bb0c545135d63e3a'),('0786c384663ace5615346408983bffb0',2,1542,'2013-03-11 08:50:18',42,1,'f17a675d6ef6c924a4325b6af8152083'),('6a48d3e28f04339cce2271fed3a4df95',2,1558,'2013-03-11 09:53:33',42,1,'d3e7d6a2f382353e0e73c2521e70ad85'),('6a48d3e28f04339cce2271fed3a4df95',2,1557,'2013-03-11 09:53:33',42,1,'d3e7d6a2f382353e0e73c2521e70ad85'),('13ad319017f9cdf17f02427515d56f1d',2,1559,'2013-03-11 10:17:02',42,1,'83b2a0983ba71cdfa828226747909e26'),('a8fff9b5e4ead9a1c4bd24710170e646',2,1561,'2013-03-11 15:33:51',20,1,'c9facea50a81dedee8d677d8b6865f86'),('7a882868281588d2931f35e9c3b5463f',2,1563,'2013-03-12 08:35:19',20,1,'ab8cd252f6a1e984521d4e5462c77a21'),('3723bdd3ee21f55a504774e271d01b0e',2,1564,'2013-03-12 09:52:11',25,1,'142cce4300b908e042d22b12b2228cb9'),('647484ed5cd1a13fa1ac9d61ec2f8526',2,1565,'2013-03-15 12:48:52',42,1,'e00785cfef03ebb660146e69da8fcde1'),('da9cda5bf9700096f21ebba5fddb3d0c',2,1566,'2013-03-20 08:05:46',40,1,'d947623bbcca0996a0156525e570168e'),('da9cda5bf9700096f21ebba5fddb3d0c',2,1567,'2013-03-20 08:05:46',40,1,'d947623bbcca0996a0156525e570168e'),('c96780c151be63ad9cb329a0ac35dd0f',2,1568,'2013-03-20 08:06:16',40,1,'52da0fbe7e99ef04587220e45253ebe5'),('c96780c151be63ad9cb329a0ac35dd0f',2,1569,'2013-03-20 08:06:16',40,1,'52da0fbe7e99ef04587220e45253ebe5'),('e3dfeb4ee7651f80d9d60688718bcd0e',2,1573,'2013-03-20 08:41:05',42,1,'46a701548e75f9d40c1eca9ee0857b40'),('251dbea4f0ed54d17db81aabb8540cbc',2,1574,'2013-03-20 08:45:12',40,1,'91957f0fb1aab5b1bc7318ec73401f79'),('251dbea4f0ed54d17db81aabb8540cbc',2,1575,'2013-03-20 08:45:12',40,1,'91957f0fb1aab5b1bc7318ec73401f79'),('251dbea4f0ed54d17db81aabb8540cbc',2,1576,'2013-03-20 08:45:12',40,1,'91957f0fb1aab5b1bc7318ec73401f79'),('76c5f5dd5d7d9f9a391273593dd0115f',2,1583,'2013-03-21 15:57:22',20,1,'2c2973cc39118a383ac73a3a3699ce7e'),('25de0d04f6b714590e996323374f3edb',2,1578,'2013-03-22 16:48:04',40,1,'f7428588c1d88b220bfbfca9e4e90d5f'),('25de0d04f6b714590e996323374f3edb',2,1577,'2013-03-22 16:48:04',40,1,'f7428588c1d88b220bfbfca9e4e90d5f'),('02bb23b3be06f7568d31bd7a309b96ba',2,1580,'2013-03-22 16:48:11',40,1,'8a981f1f53c6d39e01e0fd4cceab48f7'),('02bb23b3be06f7568d31bd7a309b96ba',2,1581,'2013-03-22 16:48:11',40,1,'8a981f1f53c6d39e01e0fd4cceab48f7'),('aa30a4b5bf98f19ef0366b978461a4f9',2,1582,'2013-03-22 16:48:20',40,1,'688d37845222250cb9ac1805d551d229'),('3c67052ff697c89fe0ec58c3b5fb153c',2,1585,'2013-03-26 12:58:42',20,0,''),('5888fd96587325bf9c0721da97a176f7',2,1587,'2013-03-26 13:20:42',20,0,''),('6c722b8fb61500043b278863c749813d',2,1586,'2013-03-26 13:37:03',20,0,''),('6c722b8fb61500043b278863c749813d',2,1588,'2013-03-26 13:37:03',20,0,''),('91bb324b0fd4c20cac4da4e306f044b6',2,1589,'2013-03-27 08:32:04',42,1,'c810617a43c3e3fc9a53b4677fcee19f'),('5866dcbfd04e992a7bc3783377333a47',2,1590,'2013-03-28 14:56:43',42,1,'0f412062740e46ccb429ab19031c6fc0'),('11eec28f3d241dc142d961b152f56509',2,1605,'2013-03-29 14:15:52',25,0,''),('11eec28f3d241dc142d961b152f56509',2,1604,'2013-03-29 14:15:52',25,0,''),('11eec28f3d241dc142d961b152f56509',2,1603,'2013-03-29 14:15:52',25,0,''),('11eec28f3d241dc142d961b152f56509',2,1602,'2013-03-29 14:15:52',25,0,''),('11eec28f3d241dc142d961b152f56509',2,1601,'2013-03-29 14:15:52',25,0,''),('11eec28f3d241dc142d961b152f56509',2,1600,'2013-03-29 14:15:52',25,0,''),('11eec28f3d241dc142d961b152f56509',2,1606,'2013-03-29 14:15:52',25,0,''),('4ec5e8dfca05308ed4723be4ba9d7ef1',2,1587,'2013-04-02 15:58:15',20,1,'a70af6209a40ae4805d75cd1076300ba'),('f55811da82f6f4468896082b95478324',2,1608,'2013-04-02 15:59:08',20,1,'116d30df1b907389769898b80455e773'),('3dd47f77a01db44f437e36b3004cfe1c',2,1556,'2013-04-04 09:39:39',25,0,''),('3dd47f77a01db44f437e36b3004cfe1c',2,1555,'2013-04-04 09:39:39',25,0,''),('3dd47f77a01db44f437e36b3004cfe1c',2,1554,'2013-04-04 09:39:39',25,0,''),('3dd47f77a01db44f437e36b3004cfe1c',2,1594,'2013-04-04 09:39:39',25,0,''),('3dd47f77a01db44f437e36b3004cfe1c',2,1593,'2013-04-04 09:39:39',25,0,''),('3dd47f77a01db44f437e36b3004cfe1c',2,1591,'2013-04-04 09:39:39',25,0,''),('3dd47f77a01db44f437e36b3004cfe1c',2,1467,'2013-04-04 09:39:39',25,0,''),('3dd47f77a01db44f437e36b3004cfe1c',2,1466,'2013-04-04 09:39:39',25,0,''),('3dd47f77a01db44f437e36b3004cfe1c',2,1465,'2013-04-04 09:39:39',25,0,''),('3dd47f77a01db44f437e36b3004cfe1c',2,1553,'2013-04-04 09:39:39',25,0,''),('3dd47f77a01db44f437e36b3004cfe1c',2,1552,'2013-04-04 09:39:39',25,0,''),('3dd47f77a01db44f437e36b3004cfe1c',2,1551,'2013-04-04 09:39:39',25,0,''),('3dd47f77a01db44f437e36b3004cfe1c',2,1550,'2013-04-04 09:39:39',25,0,''),('3dd47f77a01db44f437e36b3004cfe1c',2,1549,'2013-04-04 09:39:39',25,0,''),('3dd47f77a01db44f437e36b3004cfe1c',2,1548,'2013-04-04 09:39:39',25,0,''),('3dd47f77a01db44f437e36b3004cfe1c',2,1547,'2013-04-04 09:39:39',25,0,''),('3dd47f77a01db44f437e36b3004cfe1c',2,1546,'2013-04-04 09:39:39',25,0,''),('3dd47f77a01db44f437e36b3004cfe1c',2,1545,'2013-04-04 09:39:39',25,0,''),('3dd47f77a01db44f437e36b3004cfe1c',2,1544,'2013-04-04 09:39:39',25,0,''),('3dd47f77a01db44f437e36b3004cfe1c',2,1543,'2013-04-04 09:39:39',25,0,''),('3dd47f77a01db44f437e36b3004cfe1c',2,1562,'2013-04-04 09:39:39',25,0,''),('3dd47f77a01db44f437e36b3004cfe1c',2,1599,'2013-04-04 09:39:39',25,0,''),('3dd47f77a01db44f437e36b3004cfe1c',2,1598,'2013-04-04 09:39:39',25,0,''),('3dd47f77a01db44f437e36b3004cfe1c',2,1597,'2013-04-04 09:39:39',25,0,''),('8972d163aa5fecb54169eec9e316b628',2,1595,'2013-04-04 11:27:44',25,0,''),('8972d163aa5fecb54169eec9e316b628',2,1596,'2013-04-04 11:27:44',25,0,''),('2200bb441aa7f2b4ef83bfe41107a603',2,1626,'2013-04-05 16:12:28',40,1,'ec7665c4fd171f367d1f0f42a3854176'),('f1609b29ea15ece8cabfcad7c7f699c3',2,1588,'2013-04-05 16:20:42',20,1,'e5e3560c112552c577c0de10bc500fb5'),('f1609b29ea15ece8cabfcad7c7f699c3',2,1586,'2013-04-05 16:20:42',20,1,'e5e3560c112552c577c0de10bc500fb5'),('f1609b29ea15ece8cabfcad7c7f699c3',2,1585,'2013-04-05 16:20:42',20,1,'e5e3560c112552c577c0de10bc500fb5'),('f6517fee5762c5a1e8e36936f6e22274',2,1627,'2013-04-09 14:15:03',40,1,'dde4daea402fe6fce2a372b71f51503f'),('6d8c9d43a61123ea6f72c30beb8266d7',2,1639,'2013-04-11 10:22:30',20,1,'1f594199e18f08053cc468e00a7fabea'),('6d8c9d43a61123ea6f72c30beb8266d7',2,1640,'2013-04-11 10:22:30',20,1,'1f594199e18f08053cc468e00a7fabea'),('fa120562122af56da9c1a5521b8a2659',2,1651,'2013-04-15 16:18:57',20,1,'687ed7c163ff026614a4bddb3f7807df'),('257d8dc70ddecae40ae43a4d3d43f8b6',2,1652,'2013-04-15 16:19:24',20,1,'cf08e6b91bce870cc132cac3f29835cd'),('c561e025a8e7c0cd717f52e15f8d1edd',2,1653,'2013-04-15 16:19:43',20,1,'76c91e0d2b299d1bbe16c657b8d90d15'),('3e74d10f956baff3d391b066eed61ca2',2,1654,'2013-04-15 16:20:44',20,1,'800517d4292d21c09a8be08f4064f261'),('3b5cc876bf0f206d9375aeb908db92bc',2,1658,'2013-04-22 11:38:39',42,1,'6241d28de026795b476712a24c639a3a'),('3b5cc876bf0f206d9375aeb908db92bc',2,1656,'2013-04-22 11:38:39',42,1,'6241d28de026795b476712a24c639a3a'),('3b5cc876bf0f206d9375aeb908db92bc',2,1657,'2013-04-22 11:38:39',42,1,'6241d28de026795b476712a24c639a3a'),('21587429731cbaee64e5f68d65edb774',2,1660,'2013-04-24 08:53:34',40,1,'4adeb5d120b269fc82a650d20323142b'),('32c7f4441903c129ef9ab2388d9e68c8',2,1663,'2013-04-29 15:56:56',20,1,'7498dac021d9efd259949016ea01b48e'),('ccbf1a49ae884c00268bbd1bfde9637b',2,1664,'2013-04-30 15:36:32',40,1,'6593f6b29e58f09677c785a71a0bd062'),('0fddab105ed55d47e6b5bfb0f3fe2a5a',2,1665,'2013-05-06 09:50:19',20,1,'46fa269c317f4693e98786cf7d4c2642'),('9562f5bfb7004a14a6bde7dd7ffca9bb',2,1667,'2013-05-06 11:20:35',42,1,'567b90a3edfa6edc2e1daf61344dfbf6'),('9562f5bfb7004a14a6bde7dd7ffca9bb',2,1666,'2013-05-06 11:20:35',42,1,'567b90a3edfa6edc2e1daf61344dfbf6'),('30ab76cf92741607ede1acd4b1185257',2,1676,'2013-05-07 11:36:43',40,1,'74f412c3f70cf6f0afe1c78b0f41af55'),('87c22cbb7d83c64b257fb4137a87f1d3',2,1677,'2013-05-07 11:39:13',40,1,'c80b34e6c0514ae7c21d81e68e59877a'),('87c22cbb7d83c64b257fb4137a87f1d3',2,1678,'2013-05-07 11:39:13',40,1,'c80b34e6c0514ae7c21d81e68e59877a'),('87c22cbb7d83c64b257fb4137a87f1d3',2,1679,'2013-05-07 11:39:13',40,1,'c80b34e6c0514ae7c21d81e68e59877a'),('87c22cbb7d83c64b257fb4137a87f1d3',2,1680,'2013-05-07 11:39:13',40,1,'c80b34e6c0514ae7c21d81e68e59877a'),('bb2fa3e6f548df7436c5654ae9b29c3d',2,1681,'2013-05-07 11:39:35',40,1,'9d59cf45fe298d0052692bcb33c7e9f6'),('3aa8e944d403c6a058e7af22f482a5b7',2,1641,'2013-05-08 08:30:27',42,1,'5702cb6e6eb63226413c29058abca2d1'),('3aa8e944d403c6a058e7af22f482a5b7',2,1646,'2013-05-08 08:30:27',42,1,'5702cb6e6eb63226413c29058abca2d1'),('ae8f8088c8a2cee0223b87d6be44344c',2,1642,'2013-05-08 08:30:36',42,1,'a7d87b0b4524d034bec2578f320f66bb'),('ae8f8088c8a2cee0223b87d6be44344c',2,1650,'2013-05-08 08:30:36',42,1,'a7d87b0b4524d034bec2578f320f66bb'),('f92d1fa880ad9625281ce9d641b7580f',2,1682,'2013-05-09 09:56:18',42,1,'fa97fbae0213164562672b9050fa3feb'),('8cffc22f6a42022fefd2be78de92e586',2,1683,'2013-05-09 16:51:12',20,1,'6b533d9f639cc33f6d9f591e49b24e5d'),('578b7dd4ee681740674392ddfb8ec1d5',2,1684,'2013-05-10 08:11:36',42,1,'56baded62b866c3a116a009adf160108'),('a89e876cad4918d42190613853a44e3d',2,1685,'2013-05-13 09:05:05',20,1,'cc5af1b30baa0858dfe846e750b3cb56'),('a89e876cad4918d42190613853a44e3d',2,1686,'2013-05-13 09:05:05',20,1,'cc5af1b30baa0858dfe846e750b3cb56'),('26039d93544a208f87e44e2ca3d1ad7d',2,1693,'2013-05-14 08:34:26',20,1,'eb4154fa08643e2a76416d961a7200fb'),('26039d93544a208f87e44e2ca3d1ad7d',2,1694,'2013-05-14 08:34:26',20,1,'eb4154fa08643e2a76416d961a7200fb'),('26039d93544a208f87e44e2ca3d1ad7d',2,1695,'2013-05-14 08:34:26',20,1,'eb4154fa08643e2a76416d961a7200fb'),('26039d93544a208f87e44e2ca3d1ad7d',2,1698,'2013-05-14 08:34:26',20,1,'eb4154fa08643e2a76416d961a7200fb'),('26039d93544a208f87e44e2ca3d1ad7d',2,1699,'2013-05-14 08:34:26',20,1,'eb4154fa08643e2a76416d961a7200fb'),('af33d29fb3ac94577bf7b759e0e74768',2,1700,'2013-05-14 14:53:10',25,1,'6696d716400c0d72be8352eabe948f89'),('ecc10d52fbbf80c6804eebc1a61685c3',2,1701,'2013-05-14 16:22:37',20,1,'f061a3e18fe185f2e9df42daf0b8f8f5'),('f1c0feaba4d3968090a74fe68a34d6d0',2,1702,'2013-05-15 09:57:23',42,1,'c093d58110aa563270dd4bcd2716ec14'),('f1c0feaba4d3968090a74fe68a34d6d0',2,1703,'2013-05-15 09:57:23',42,1,'c093d58110aa563270dd4bcd2716ec14'),('f1c0feaba4d3968090a74fe68a34d6d0',2,1704,'2013-05-15 09:57:23',42,1,'c093d58110aa563270dd4bcd2716ec14'),('f1c0feaba4d3968090a74fe68a34d6d0',2,1705,'2013-05-15 09:57:23',42,1,'c093d58110aa563270dd4bcd2716ec14'),('f1c0feaba4d3968090a74fe68a34d6d0',2,1706,'2013-05-15 09:57:23',42,1,'c093d58110aa563270dd4bcd2716ec14'),('0c38ac6a6e488cea06dfea6bfa2c241b',2,1707,'2013-05-20 08:22:15',42,1,'96c8f5079b8b64012a649701118b3311'),('9ac0a19e1aedc0c6792886bb9f0358e1',2,1708,'2013-05-20 14:43:42',42,1,'5758af29c47d0578aa3f2610c7c28191'),('9ac0a19e1aedc0c6792886bb9f0358e1',2,1709,'2013-05-20 14:43:42',42,1,'5758af29c47d0578aa3f2610c7c28191'),('9ac0a19e1aedc0c6792886bb9f0358e1',2,1710,'2013-05-20 14:43:42',42,1,'5758af29c47d0578aa3f2610c7c28191'),('9ac0a19e1aedc0c6792886bb9f0358e1',2,1711,'2013-05-20 14:43:42',42,1,'5758af29c47d0578aa3f2610c7c28191'),('cec57018ad03f20b407c5e0dae9d9743',2,1713,'2013-05-20 15:13:02',25,0,''),('390e3f25b3d5f1fe4f7f023ed56135a7',2,1712,'2013-05-20 15:13:05',25,0,''),('216414b7232246a551543c5eebbdb441',2,1714,'2013-05-20 15:16:33',42,1,'4000c7a473b3d0980b4d9b87417c2ea1'),('71b418ee7e0e165a6b6599fdf7400bbb',2,1186,'2013-05-20 15:17:33',42,1,'f89a648be8214ff437db0fb51f3ada60'),('6fb4d60f1a28bf8478774addd7e9fb02',2,1211,'2013-05-20 15:18:56',42,1,'773c2106c538b07a209faa4943e98683'),('2ebb9ced13e912819b621412968332d3',2,1715,'2013-05-20 15:51:16',40,1,'069c4b35c9cd2f990081d595693611e0'),('771c2aa0631cc5c852fbba06555e40f0',2,1716,'2013-05-20 15:52:12',40,1,'a9f63258e60136e0bd630c340017cb54'),('94e8b3da2744880eb50c409b5e0fccf1',2,1717,'2013-05-20 16:18:06',40,1,'30aad2d00e8179dac7531a56d62fe169'),('1fcc581781160c220bf51ffca49943fc',2,1718,'2013-05-20 16:18:15',40,1,'c92b8eecb3780dc156c2690b05a8ef4a'),('fb4678b8485b7b4362775d3a0f6464df',2,1719,'2013-05-21 09:21:53',20,0,''),('fb4678b8485b7b4362775d3a0f6464df',2,1720,'2013-05-21 09:21:53',20,0,''),('c57d05bb87bd5927c9d5cce61bbe2a62',2,1721,'2013-05-21 09:22:33',20,0,''),('4a7aa57d9252b311fa93a361eb7cf91a',2,1722,'2013-05-21 09:23:01',20,0,''),('68c668715fd50974afbd05c7c6a52287',2,1723,'2013-05-21 09:23:25',20,0,''),('4ce13ac153600c5836049c414ce901fd',2,1724,'2013-05-21 09:23:58',20,0,''),('4ce13ac153600c5836049c414ce901fd',2,1725,'2013-05-21 09:23:58',20,0,''),('b52db19bfdd28d802bc905c0861f8945',2,1729,'2013-05-21 14:01:14',42,1,'afcfe15b37e9840dcba5c22fbecb8d64'),('b52db19bfdd28d802bc905c0861f8945',2,1730,'2013-05-21 14:01:14',42,1,'afcfe15b37e9840dcba5c22fbecb8d64'),('b52db19bfdd28d802bc905c0861f8945',2,1731,'2013-05-21 14:01:14',42,1,'afcfe15b37e9840dcba5c22fbecb8d64'),('a1f74e9b5e053e67542a2b70c5567581',2,1732,'2013-05-21 14:01:40',42,1,'64566dd25db13cc5499a0bdea2c3893d'),('a1f74e9b5e053e67542a2b70c5567581',2,1733,'2013-05-21 14:01:40',42,1,'64566dd25db13cc5499a0bdea2c3893d'),('a1f74e9b5e053e67542a2b70c5567581',2,1734,'2013-05-21 14:01:40',42,1,'64566dd25db13cc5499a0bdea2c3893d'),('a1f74e9b5e053e67542a2b70c5567581',2,1735,'2013-05-21 14:01:40',42,1,'64566dd25db13cc5499a0bdea2c3893d'),('a1f74e9b5e053e67542a2b70c5567581',2,1737,'2013-05-21 14:01:40',42,1,'64566dd25db13cc5499a0bdea2c3893d'),('a1f74e9b5e053e67542a2b70c5567581',2,1738,'2013-05-21 14:01:40',42,1,'64566dd25db13cc5499a0bdea2c3893d'),('a1f74e9b5e053e67542a2b70c5567581',2,1739,'2013-05-21 14:01:40',42,1,'64566dd25db13cc5499a0bdea2c3893d'),('a1f74e9b5e053e67542a2b70c5567581',2,1740,'2013-05-21 14:01:40',42,1,'64566dd25db13cc5499a0bdea2c3893d'),('a1f74e9b5e053e67542a2b70c5567581',2,1741,'2013-05-21 14:01:40',42,1,'64566dd25db13cc5499a0bdea2c3893d'),('a1f74e9b5e053e67542a2b70c5567581',2,1742,'2013-05-21 14:01:40',42,1,'64566dd25db13cc5499a0bdea2c3893d'),('a1f74e9b5e053e67542a2b70c5567581',2,1743,'2013-05-21 14:01:40',42,1,'64566dd25db13cc5499a0bdea2c3893d'),('a1f74e9b5e053e67542a2b70c5567581',2,1744,'2013-05-21 14:01:40',42,1,'64566dd25db13cc5499a0bdea2c3893d'),('fab23bb06fd0288251c0cde76f3e7f1a',2,1745,'2013-05-21 14:02:15',42,1,'a0d5014028e85a58e8c91fb2a263e44c'),('fab23bb06fd0288251c0cde76f3e7f1a',2,1746,'2013-05-21 14:02:15',42,1,'a0d5014028e85a58e8c91fb2a263e44c'),('fab23bb06fd0288251c0cde76f3e7f1a',2,1747,'2013-05-21 14:02:15',42,1,'a0d5014028e85a58e8c91fb2a263e44c'),('fab23bb06fd0288251c0cde76f3e7f1a',2,1748,'2013-05-21 14:02:15',42,1,'a0d5014028e85a58e8c91fb2a263e44c'),('fab23bb06fd0288251c0cde76f3e7f1a',2,1749,'2013-05-21 14:02:15',42,1,'a0d5014028e85a58e8c91fb2a263e44c'),('fab23bb06fd0288251c0cde76f3e7f1a',2,1750,'2013-05-21 14:02:15',42,1,'a0d5014028e85a58e8c91fb2a263e44c'),('fab23bb06fd0288251c0cde76f3e7f1a',2,1751,'2013-05-21 14:02:15',42,1,'a0d5014028e85a58e8c91fb2a263e44c'),('fab23bb06fd0288251c0cde76f3e7f1a',2,1752,'2013-05-21 14:02:15',42,1,'a0d5014028e85a58e8c91fb2a263e44c'),('fab23bb06fd0288251c0cde76f3e7f1a',2,1753,'2013-05-21 14:02:15',42,1,'a0d5014028e85a58e8c91fb2a263e44c'),('fab23bb06fd0288251c0cde76f3e7f1a',2,1754,'2013-05-21 14:02:15',42,1,'a0d5014028e85a58e8c91fb2a263e44c'),('fab23bb06fd0288251c0cde76f3e7f1a',2,1755,'2013-05-21 14:02:15',42,1,'a0d5014028e85a58e8c91fb2a263e44c'),('fab23bb06fd0288251c0cde76f3e7f1a',2,1756,'2013-05-21 14:02:15',42,1,'a0d5014028e85a58e8c91fb2a263e44c'),('fab23bb06fd0288251c0cde76f3e7f1a',2,1761,'2013-05-21 14:02:15',42,1,'a0d5014028e85a58e8c91fb2a263e44c'),('fab23bb06fd0288251c0cde76f3e7f1a',2,1762,'2013-05-21 14:02:15',42,1,'a0d5014028e85a58e8c91fb2a263e44c'),('fab23bb06fd0288251c0cde76f3e7f1a',2,1763,'2013-05-21 14:02:15',42,1,'a0d5014028e85a58e8c91fb2a263e44c'),('fab23bb06fd0288251c0cde76f3e7f1a',2,1764,'2013-05-21 14:02:15',42,1,'a0d5014028e85a58e8c91fb2a263e44c'),('fab23bb06fd0288251c0cde76f3e7f1a',2,1765,'2013-05-21 14:02:15',42,1,'a0d5014028e85a58e8c91fb2a263e44c'),('fab23bb06fd0288251c0cde76f3e7f1a',2,1766,'2013-05-21 14:02:15',42,1,'a0d5014028e85a58e8c91fb2a263e44c'),('fab23bb06fd0288251c0cde76f3e7f1a',2,1767,'2013-05-21 14:02:15',42,1,'a0d5014028e85a58e8c91fb2a263e44c'),('fab23bb06fd0288251c0cde76f3e7f1a',2,1768,'2013-05-21 14:02:15',42,1,'a0d5014028e85a58e8c91fb2a263e44c'),('6d6f2277fc459ec1cd4ad9eadee88dc1',2,1769,'2013-05-21 14:02:24',42,1,'f8c3761ed8be7d5b5e06a0c9f5e1a538'),('6d6f2277fc459ec1cd4ad9eadee88dc1',2,1770,'2013-05-21 14:02:24',42,1,'f8c3761ed8be7d5b5e06a0c9f5e1a538'),('6d6f2277fc459ec1cd4ad9eadee88dc1',2,1771,'2013-05-21 14:02:24',42,1,'f8c3761ed8be7d5b5e06a0c9f5e1a538'),('6d6f2277fc459ec1cd4ad9eadee88dc1',2,1772,'2013-05-21 14:02:24',42,1,'f8c3761ed8be7d5b5e06a0c9f5e1a538'),('7fafb259ed964efb89c6d42332311144',2,1774,'2013-05-22 07:47:39',42,1,'a879441b9aee761158103fa073b73b1d'),('7fafb259ed964efb89c6d42332311144',2,1773,'2013-05-22 07:47:39',42,1,'a879441b9aee761158103fa073b73b1d'),('84b159da7d5c5950e90dfcebe43a6c51',2,1776,'2013-05-24 16:02:01',20,1,'eb11ee9a98ddb0cc988236b729038dd2'),('09ecd0855a1c940ada59fad6891e2d01',2,1777,'2013-05-28 13:30:28',42,1,'19b1b55e06cfb6cdc334019832c4840c'),('e17c314ef56a21fd1144e1196ecb270e',2,1782,'2013-05-28 13:44:06',25,0,''),('e17c314ef56a21fd1144e1196ecb270e',2,1781,'2013-05-28 13:44:06',25,0,''),('e17c314ef56a21fd1144e1196ecb270e',2,1780,'2013-05-28 13:44:06',25,0,''),('e17c314ef56a21fd1144e1196ecb270e',2,1779,'2013-05-28 13:44:06',25,0,''),('e17c314ef56a21fd1144e1196ecb270e',2,1778,'2013-05-28 13:44:06',25,0,''),('44852a16c00cd0bc5ea82da62bc9a3ef',2,1783,'2013-05-28 16:59:52',42,1,'d87519685f37a4da43d98af2a7682261'),('44852a16c00cd0bc5ea82da62bc9a3ef',2,1784,'2013-05-28 16:59:52',42,1,'d87519685f37a4da43d98af2a7682261'),('44852a16c00cd0bc5ea82da62bc9a3ef',2,1785,'2013-05-28 16:59:52',42,1,'d87519685f37a4da43d98af2a7682261'),('44852a16c00cd0bc5ea82da62bc9a3ef',2,1786,'2013-05-28 16:59:52',42,1,'d87519685f37a4da43d98af2a7682261'),('44852a16c00cd0bc5ea82da62bc9a3ef',2,1787,'2013-05-28 16:59:52',42,1,'d87519685f37a4da43d98af2a7682261'),('44852a16c00cd0bc5ea82da62bc9a3ef',2,1788,'2013-05-28 16:59:52',42,1,'d87519685f37a4da43d98af2a7682261'),('842db9bc4c0afb27be7b0d120889cd59',2,1789,'2013-05-29 08:11:44',25,0,''),('842db9bc4c0afb27be7b0d120889cd59',2,1790,'2013-05-29 08:11:44',25,0,''),('842db9bc4c0afb27be7b0d120889cd59',2,1791,'2013-05-29 08:11:44',25,0,''),('842db9bc4c0afb27be7b0d120889cd59',2,1792,'2013-05-29 08:11:44',25,0,''),('842db9bc4c0afb27be7b0d120889cd59',2,1793,'2013-05-29 08:11:44',25,0,''),('842db9bc4c0afb27be7b0d120889cd59',2,1794,'2013-05-29 08:11:44',25,0,''),('842db9bc4c0afb27be7b0d120889cd59',2,1795,'2013-05-29 08:11:44',25,0,''),('9c376b8fa5a12c80723ebb66d3467a79',2,1796,'2013-05-29 08:13:04',25,0,''),('84a6a0d250d6be4bca7264efd865d757',2,1798,'2013-05-29 08:28:42',42,1,'7cc65fc7464f744ad7bb1709b2fefdfa'),('818a3ee14b106921426e1c6b3d7518b6',2,1799,'2013-05-29 09:08:29',25,0,''),('818a3ee14b106921426e1c6b3d7518b6',2,1800,'2013-05-29 09:08:29',25,0,''),('818a3ee14b106921426e1c6b3d7518b6',2,1801,'2013-05-29 09:08:29',25,0,''),('38a06ba54565f71c215ba7b80bb8696e',2,1808,'2013-05-29 15:09:02',25,1,'a2b014fc7b340c7b1e02c232286293b1'),('38a06ba54565f71c215ba7b80bb8696e',2,1807,'2013-05-29 15:09:02',25,1,'a2b014fc7b340c7b1e02c232286293b1'),('38a06ba54565f71c215ba7b80bb8696e',2,1806,'2013-05-29 15:09:02',25,1,'a2b014fc7b340c7b1e02c232286293b1'),('38a06ba54565f71c215ba7b80bb8696e',2,1805,'2013-05-29 15:09:02',25,1,'a2b014fc7b340c7b1e02c232286293b1'),('38a06ba54565f71c215ba7b80bb8696e',2,1804,'2013-05-29 15:09:02',25,1,'a2b014fc7b340c7b1e02c232286293b1'),('38a06ba54565f71c215ba7b80bb8696e',2,1803,'2013-05-29 15:09:02',25,1,'a2b014fc7b340c7b1e02c232286293b1'),('edf74412a3bbc0d68a5735fa17cbdfcc',2,1816,'2013-06-12 08:36:33',42,1,'8a17c7bc61faaee0c56cc60991b7c49b'),('a1991d9de462ec15d3c370b1b2aa1caf',2,1818,'2013-06-12 09:49:04',42,1,'75c49aef1ac73fb6d3f1884e73fc08de'),('a1991d9de462ec15d3c370b1b2aa1caf',2,1817,'2013-06-12 09:49:04',42,1,'75c49aef1ac73fb6d3f1884e73fc08de'),('8cc20eb599d1cca8894ffd14aeeb0c1a',2,1819,'2013-06-12 10:11:12',25,1,'39251e988084c4190d4bec2152b5e262'),('4522de69a1b2a4f03f3e100698534b84',2,1821,'2013-06-12 14:26:23',42,1,'7856818da638749fdc7ab353ee6c7a5e'),('935c8e0cc2cd90808cd363936dd4968e',2,1822,'2013-06-13 16:35:41',40,1,'eaefa5ea0ebe221a7ec0103cdff239c2'),('8732c3452b1402934d2a773d57f08fa0',2,1823,'2013-06-14 08:35:51',20,1,'ef1cc75b88b88ecb15dcc0379b9f65a6'),('56eb4426d70e5cfef3d73bfeb87571e3',2,1825,'2013-06-20 11:14:52',42,1,'aee8b71e3a2c5c1d2b0c6145a8a29c51'),('56eb4426d70e5cfef3d73bfeb87571e3',2,1827,'2013-06-20 11:14:52',42,1,'aee8b71e3a2c5c1d2b0c6145a8a29c51'),('9f74149412759042d8939b0c47acafa1',2,1830,'2013-06-20 14:52:16',42,1,'33b51cdcbb7aeedc44d043ca69d0c108'),('c809832136341445e74b194d9f314af5',2,1831,'2013-06-20 14:52:48',42,1,'eea2767a94a6dabd06acba77c89812a7'),('275069bdebd6d8bc696184ab7fbf6f46',2,1833,'2013-06-20 16:06:13',42,1,'53eed72ae488820441d062feca500fad'),('275069bdebd6d8bc696184ab7fbf6f46',2,1832,'2013-06-20 16:06:13',42,1,'53eed72ae488820441d062feca500fad'),('ab29069d2fb2b96d7fc71af7fe8b2bc0',2,1835,'2013-06-21 13:55:15',42,1,'6bbc33f5a18c560c95b4c039edaf4fdf'),('ab29069d2fb2b96d7fc71af7fe8b2bc0',2,1836,'2013-06-21 13:55:15',42,1,'6bbc33f5a18c560c95b4c039edaf4fdf'),('be8dd60005a8b39eb3ce9ea9b3720be5',2,1840,'2013-06-21 15:32:11',25,0,''),('335f433fd84475c2cea8b00f7d855f05',2,1841,'2013-06-24 12:48:17',25,1,'8da6da63129dda7d74aa558a04347ebf'),('869c8b66a611638b6cb270d6b4248b36',2,1842,'2013-06-24 15:55:34',20,1,'c48f8b49bf3bd7abc95a46eefd8a5956'),('869c8b66a611638b6cb270d6b4248b36',2,1843,'2013-06-24 15:55:34',20,1,'c48f8b49bf3bd7abc95a46eefd8a5956'),('869c8b66a611638b6cb270d6b4248b36',2,1844,'2013-06-24 15:55:34',20,1,'c48f8b49bf3bd7abc95a46eefd8a5956'),('869c8b66a611638b6cb270d6b4248b36',2,1845,'2013-06-24 15:55:34',20,1,'c48f8b49bf3bd7abc95a46eefd8a5956'),('869c8b66a611638b6cb270d6b4248b36',2,1846,'2013-06-24 15:55:34',20,1,'c48f8b49bf3bd7abc95a46eefd8a5956'),('869c8b66a611638b6cb270d6b4248b36',2,1847,'2013-06-24 15:55:34',20,1,'c48f8b49bf3bd7abc95a46eefd8a5956'),('869c8b66a611638b6cb270d6b4248b36',2,1848,'2013-06-24 15:55:34',20,1,'c48f8b49bf3bd7abc95a46eefd8a5956'),('869c8b66a611638b6cb270d6b4248b36',2,1849,'2013-06-24 15:55:34',20,1,'c48f8b49bf3bd7abc95a46eefd8a5956'),('869c8b66a611638b6cb270d6b4248b36',2,1850,'2013-06-24 15:55:34',20,1,'c48f8b49bf3bd7abc95a46eefd8a5956'),('7f3b57c7babdce2fb9f78d0b099a4112',2,1852,'2013-06-25 14:34:01',20,1,'5ff84a739289466cd830998e09d4229f'),('384bc85f287f62f21c48a8733759c56f',2,1854,'2013-07-01 08:53:13',20,1,'fab90dfe5db3ef9d0d4a0e92e64b770b'),('654df1411afa9a2d5d09e4b2298993d3',2,1813,'2013-07-01 08:53:24',20,1,'60b28faacc0ba7660a98e28406801fd8'),('654df1411afa9a2d5d09e4b2298993d3',2,1814,'2013-07-01 08:53:24',20,1,'60b28faacc0ba7660a98e28406801fd8'),('3cc812c626efc06f976b7ae70d562ba1',2,1809,'2013-07-01 08:53:32',20,1,'079ecac95e7943c64b887e80e8b523f4'),('3cc812c626efc06f976b7ae70d562ba1',2,1810,'2013-07-01 08:53:32',20,1,'079ecac95e7943c64b887e80e8b523f4'),('3cc812c626efc06f976b7ae70d562ba1',2,1811,'2013-07-01 08:53:32',20,1,'079ecac95e7943c64b887e80e8b523f4'),('3cc812c626efc06f976b7ae70d562ba1',2,1812,'2013-07-01 08:53:32',20,1,'079ecac95e7943c64b887e80e8b523f4'),('fc35299376c9e2950b2053279461636c',2,1866,'2013-07-03 14:59:05',20,1,'b53b74fb17429a5c77dc1ce52c96e027'),('27a5a84ff801c68c62074f6b4124605e',2,1868,'2013-07-09 09:16:43',42,1,'c9fe190724ac470ccd362539cf260c1d'),('eed31136a4aef1309c8c7e0aa7040316',2,1872,'2013-07-09 12:01:43',40,1,'45318c6c773fb25813856ff9b24a8195'),('eed31136a4aef1309c8c7e0aa7040316',2,1873,'2013-07-09 12:01:43',40,1,'45318c6c773fb25813856ff9b24a8195'),('eed31136a4aef1309c8c7e0aa7040316',2,1874,'2013-07-09 12:01:43',40,1,'45318c6c773fb25813856ff9b24a8195'),('98cab414bd0645c89db00d41e81d5646',2,1867,'2013-07-09 12:10:50',40,1,'deed05fbba30e813dfab5482eb2c8db6'),('98cab414bd0645c89db00d41e81d5646',2,1876,'2013-07-09 12:10:50',40,1,'deed05fbba30e813dfab5482eb2c8db6'),('98cab414bd0645c89db00d41e81d5646',2,1869,'2013-07-09 12:10:50',40,1,'deed05fbba30e813dfab5482eb2c8db6'),('98cab414bd0645c89db00d41e81d5646',2,1870,'2013-07-09 12:10:50',40,1,'deed05fbba30e813dfab5482eb2c8db6'),('bcda6f37c4f39da6654d21f643b2cfc8',2,1877,'2013-07-10 10:59:38',42,1,'d1a9f76c3c306bd1ddeaaf678be1ea4c'),('71f637cc28b34e37eccf67ce3dd689a8',2,1878,'2013-07-11 10:10:44',20,1,'ca0db7d754481d83f10affe555771d65'),('e816a99abd62583467eac7cfc815449e',2,1879,'2013-07-11 10:11:30',20,1,'1e9e9ace058cd84c6c88354806f6e3a6'),('484a1d14e694fd700ee589790261a1d9',2,1881,'2013-07-11 10:15:06',20,1,'83fd2608af4de6d27119bf051db152ba'),('aaa3e0865d8e2019cb2d015083482efe',2,1883,'2013-07-11 10:32:57',20,1,'be0567493caa108aff175947e4e63977'),('400fc83b0e8c1c8d9bcfcb78791797ab',2,1884,'2013-07-11 10:36:26',40,1,'d0dce94e2a39b31939e90f9a177b1a28'),('f42e540ddef736412da8a635fead150e',2,1885,'2013-07-11 11:57:56',40,1,'d4cd24fc1835836867b3b8e2018925b2'),('f6ec841c4ea8bc9b21d82ad8a7407e3f',2,1890,'2013-07-15 15:28:07',25,0,''),('f6ec841c4ea8bc9b21d82ad8a7407e3f',2,1889,'2013-07-15 15:28:07',25,0,''),('f6ec841c4ea8bc9b21d82ad8a7407e3f',2,1888,'2013-07-15 15:28:07',25,0,''),('f6ec841c4ea8bc9b21d82ad8a7407e3f',2,1887,'2013-07-15 15:28:07',25,0,''),('f6ec841c4ea8bc9b21d82ad8a7407e3f',2,1886,'2013-07-15 15:28:07',25,0,''),('f075a1d32916263807cc74a162f6bd5f',2,1893,'2013-07-17 08:34:58',42,1,'387b3375e740e7b4f537b1019989fc14'),('a0809dc639d20591c915d8aa07dbb20e',2,1894,'2013-07-17 08:53:26',42,1,'35f72da67eb5b03d5f91f71fb7e124f2'),('438f945a085e5b0b303b64b030f22caf',2,1896,'2013-07-17 09:34:47',42,1,'abd8b133342bd197d6aad1f39b7d7782'),('438f945a085e5b0b303b64b030f22caf',2,1895,'2013-07-17 09:34:47',42,1,'abd8b133342bd197d6aad1f39b7d7782'),('bb39d8dea5a0ff3871cdc02d927783a1',2,1899,'2013-07-22 10:30:58',42,1,'a67f47c42418d14d57b8bf56f71bbd35'),('f5d5014863d48978b13ff7e4f8b787e2',2,1911,'2013-07-24 08:53:04',25,0,''),('f5d5014863d48978b13ff7e4f8b787e2',2,1912,'2013-07-24 08:53:04',25,0,''),('f5d5014863d48978b13ff7e4f8b787e2',2,1913,'2013-07-24 08:53:04',25,0,''),('0ab5ee4fb1095c8db40e5f7dee3bbe7e',2,1927,'2013-07-31 09:37:29',42,1,'c9623f23a6bdb267fb77c833ae6bcd8d'),('0ab5ee4fb1095c8db40e5f7dee3bbe7e',2,1891,'2013-07-31 09:37:29',42,1,'c9623f23a6bdb267fb77c833ae6bcd8d'),('0ab5ee4fb1095c8db40e5f7dee3bbe7e',2,1892,'2013-07-31 09:37:29',42,1,'c9623f23a6bdb267fb77c833ae6bcd8d'),('485c8e9781cc570ebd263cb16cdcb277',2,1931,'2013-08-01 09:45:02',42,1,'eed903b7f2506c871ee1f25dfd176e79'),('6e1d1b17370da6a05f90213310c03f87',2,1933,'2013-08-01 11:57:41',42,1,'58189e25d30f66eb4229014e73c6e2b4'),('1fb68789633aa3b399bae8c779622cbc',2,1934,'2013-08-01 13:48:29',42,1,'85413e1f8254449a68db0024324aa4de'),('88217ef246e70ce06674e0d0b5674370',2,1938,'2013-08-01 16:19:14',42,1,'eb0fa99a9dbcf9a777623efb5a444109'),('88217ef246e70ce06674e0d0b5674370',2,1939,'2013-08-01 16:19:14',42,1,'eb0fa99a9dbcf9a777623efb5a444109'),('93090922a2a2110a9684b8f901a16915',2,1945,'2013-08-05 11:39:07',40,1,'c3838cd1b77b98b2c4af390f50da3ece'),('74700558b38223754b65cc6fb82276ac',2,1948,'2013-08-05 15:47:59',42,1,'d600c77a87230b1a85d515fa49bc1215'),('47bdbbd994cd758b3d2b1c74bd8fe5eb',2,1950,'2013-08-07 11:11:54',20,1,'49b7bf6464e2ee5bfd27d4077e8a3eb5'),('0425c6f7fce823962cac018f73aa9ab9',2,1955,'2013-08-13 08:50:16',20,1,'02884b7cb881c0274866d1ebde5c3bb1'),('32cca8479d0e22b68b607e709a26ca2a',2,1960,'2013-08-19 11:15:42',25,1,'81f2845662e0e78bbac1c49e22c0b9c8'),('32cca8479d0e22b68b607e709a26ca2a',2,1959,'2013-08-19 11:15:42',25,1,'81f2845662e0e78bbac1c49e22c0b9c8'),('10d9533ff7f276363d5d06e22d36c61f',2,1962,'2013-08-20 11:21:01',25,1,'0cdf6b8d7bb50e26abb4d2739ae7a176'),('10d9533ff7f276363d5d06e22d36c61f',2,1961,'2013-08-20 11:21:01',25,1,'0cdf6b8d7bb50e26abb4d2739ae7a176'),('851c02780cc595532de25516f8a93a45',2,1914,'2013-08-23 14:15:10',25,0,''),('851c02780cc595532de25516f8a93a45',2,1915,'2013-08-23 14:15:10',25,0,''),('ab9a469100f147c4ac12921abe41445f',2,1949,'2013-08-23 14:15:17',25,0,''),('121904e49fb31f159a68236717b2939e',2,1971,'2013-08-23 14:22:53',25,0,''),('cff0e461e3b369405e6c1527787c1f56',2,1973,'2013-08-26 10:07:36',40,1,'0c002194458cbd035fc6231d9e534111'),('fd6155eef5e48855c3f9c6f9b881a83f',2,1972,'2013-08-26 10:07:43',40,1,'c7051aa9e09e5778d1cf2944fd592639'),('e41c3a0378bb95e6a5bef5db25959565',2,1974,'2013-08-27 08:12:28',20,1,'7a5362247ed4b33e0287e6ea618cfee7'),('264f73bda11f6a48dd12354b53971c0c',2,1975,'2013-08-27 13:23:35',20,1,'c040eff9c18b68acd6d5b9ec7f96bf64'),('264f73bda11f6a48dd12354b53971c0c',2,1976,'2013-08-27 13:23:35',20,1,'c040eff9c18b68acd6d5b9ec7f96bf64'),('10274e1e7c1ab726a4db3c07b2ec0ebb',2,1977,'2013-08-27 14:21:26',42,1,'4680ac75bf24699f9291a2d8bd8d40f1'),('42c92e9ba1a6d9cfe0b431aee52292c9',2,1978,'2013-08-29 07:33:24',42,1,'c0adca4b876f8cc94ebcb6ddfbd1d6ab'),('937598f3d4a48a11ae49f535b0d4222f',2,1987,'2013-08-29 11:01:43',20,1,'aa4c94a0e81a8e7fb1ae2b4a8982ac11'),('c9d8770654a2aa0c8fde526f05413b2e',2,2005,'2013-08-29 11:39:04',25,1,'5a6da122ae3dc9fac3110fd4eab975b6'),('4d151dda7d9140494c572063d5fabcf5',2,2006,'2013-08-29 11:41:16',42,1,'e9501d82476769d6f2dfffe63c33f821'),('592f17d4aecb588038f89358491b7a93',2,2007,'2013-08-29 13:04:46',25,1,'0862aaba3cec25fb14705f3331349af7'),('5e4a0909c603cedd4a1e20dbaf41f7ba',2,2008,'2013-08-29 13:04:51',25,1,'66fa0ceec386e7115f4b9a1f90547350'),('16052c532483be9b410d41717f8f2904',2,2009,'2013-08-29 13:05:14',25,1,'bb09b2f7688f4feb6e530c9536353151'),('16052c532483be9b410d41717f8f2904',2,2010,'2013-08-29 13:05:14',25,1,'bb09b2f7688f4feb6e530c9536353151'),('6355bcbe85354c12cd74a3f7f488ec87',2,2018,'2013-08-30 08:16:38',42,1,'c76f1eaeedbc9300348c8611e7af377b'),('6355bcbe85354c12cd74a3f7f488ec87',2,2019,'2013-08-30 08:16:38',42,1,'c76f1eaeedbc9300348c8611e7af377b'),('1098ee933fee13fffb3007395a74653b',2,2027,'2013-09-04 14:19:31',42,1,'3fd14167a33088118b30f1a3ef197fee'),('7d899dd7e02aa7afce360e32dff0e681',2,2028,'2013-09-09 09:30:19',42,1,'2097396b181653e4c28aeec26da8c3a0'),('9be4f6de93e5aa1b58e02d3a40a07351',2,2029,'2013-09-09 14:29:56',20,1,'1d9425109a9d2b355f7569b0e6e42c06'),('03dcaaebdeb653cda574f79159a88397',2,2030,'2013-09-09 15:09:53',20,1,'a13bd4b19cdec363f5683a64f23e5e39'),('5fae1fdb857ab14953082424f0ca515a',2,2031,'2013-09-09 15:14:45',20,1,'4dd3886b8ff5e12e3e5049f83df9b7b3'),('40162c2fb9b2aabded4a37a2b9fa2a28',2,2033,'2013-09-10 09:55:28',20,1,'e7327262141033ed5de06401c888f78d'),('1eff9fa4d09e7fe75540142ed4157fd0',2,2034,'2013-09-11 11:53:48',42,1,'e03279ec8a9f374cf071fa0dc7282ca8'),('ff69a05986ab2091f7057091020165c0',2,2035,'2013-09-11 13:22:32',20,1,'3d0fcff3dc9d054967551c9cb74b3af8'),('112decef6b4340306210c8130074c23e',2,2036,'2013-09-12 10:48:34',42,1,'e8684dffea688d9e4fdf2b6949224969'),('0b9d01af80d15196b1f256609b2bf67f',2,2037,'2013-09-16 07:53:23',42,1,'69817f68ccdd13cb140a5032e69500c4'),('0b9d01af80d15196b1f256609b2bf67f',2,2038,'2013-09-16 07:53:23',42,1,'69817f68ccdd13cb140a5032e69500c4'),('0b9d01af80d15196b1f256609b2bf67f',2,2039,'2013-09-16 07:53:23',42,1,'69817f68ccdd13cb140a5032e69500c4'),('a6ca7a07e6d266eb432e21c2cb6ba167',2,2042,'2013-09-16 09:10:35',25,1,'2d018df85bc8f764e9735ada178d0894'),('a6ca7a07e6d266eb432e21c2cb6ba167',2,2043,'2013-09-16 09:10:35',25,1,'2d018df85bc8f764e9735ada178d0894'),('e07574dae937e08b84f4a2a852e7c114',2,2046,'2013-09-17 09:01:15',20,1,'b0c91c3217ee455bc24cb13b5a1b119b'),('e07574dae937e08b84f4a2a852e7c114',2,2047,'2013-09-17 09:01:15',20,1,'b0c91c3217ee455bc24cb13b5a1b119b'),('e07574dae937e08b84f4a2a852e7c114',2,2048,'2013-09-17 09:01:15',20,1,'b0c91c3217ee455bc24cb13b5a1b119b'),('e07574dae937e08b84f4a2a852e7c114',2,2049,'2013-09-17 09:01:15',20,1,'b0c91c3217ee455bc24cb13b5a1b119b'),('46d5e603efaaa68da818b72de8ddcf05',2,2050,'2013-09-17 09:01:35',20,1,'5cb9f9f1a8a9db09f89d267b87ae351d'),('46d5e603efaaa68da818b72de8ddcf05',2,2051,'2013-09-17 09:01:35',20,1,'5cb9f9f1a8a9db09f89d267b87ae351d'),('b700d6d5444fee0172f9ca1b99800926',2,2052,'2013-09-17 11:00:30',40,1,'d41c0e2d04a795265e0cd79f621eecef'),('b700d6d5444fee0172f9ca1b99800926',2,2053,'2013-09-17 11:00:30',40,1,'d41c0e2d04a795265e0cd79f621eecef'),('79f3ac4efabff73010326a566a1f08c8',2,2055,'2013-09-17 11:02:59',40,1,'05ab5558d96a119f60200fafb7daa465'),('79f3ac4efabff73010326a566a1f08c8',2,2057,'2013-09-17 11:02:59',40,1,'05ab5558d96a119f60200fafb7daa465'),('79f3ac4efabff73010326a566a1f08c8',2,2058,'2013-09-17 11:02:59',40,1,'05ab5558d96a119f60200fafb7daa465'),('79f3ac4efabff73010326a566a1f08c8',2,2059,'2013-09-17 11:02:59',40,1,'05ab5558d96a119f60200fafb7daa465'),('df03884cf891fff1c08643020945f23c',2,2060,'2013-09-17 11:22:28',40,1,'6fd6c00a83b8a472656f0b85baeba372'),('df03884cf891fff1c08643020945f23c',2,2061,'2013-09-17 11:22:28',40,1,'6fd6c00a83b8a472656f0b85baeba372'),('df03884cf891fff1c08643020945f23c',2,2062,'2013-09-17 11:22:28',40,1,'6fd6c00a83b8a472656f0b85baeba372'),('df03884cf891fff1c08643020945f23c',2,2063,'2013-09-17 11:22:28',40,1,'6fd6c00a83b8a472656f0b85baeba372'),('b935c61e8987c6316ca1c3875872e332',2,2064,'2013-09-17 11:22:45',40,1,'ea91b7fe86647181a16092f0b23ab811'),('b935c61e8987c6316ca1c3875872e332',2,2065,'2013-09-17 11:22:45',40,1,'ea91b7fe86647181a16092f0b23ab811'),('abc8128c3c5104bccdf0906eaf73ae00',2,2066,'2013-09-18 08:17:14',42,1,'9432f1f31b39cceaa8da53727e2bf514'),('e8ecd8e20dbc14ae228115fcd7911275',2,2071,'2013-09-24 13:29:59',20,1,'58155c4ce7e7a2840d2e6f304327cbbf'),('3473cd907fa1ce45c2804aa7cfc9ef58',2,2072,'2013-10-01 08:47:28',20,1,'982e8bf1651cd80a594cd2b446019d32'),('3473cd907fa1ce45c2804aa7cfc9ef58',2,2073,'2013-10-01 08:47:28',20,1,'982e8bf1651cd80a594cd2b446019d32'),('c2ed356ef5457e40da145afce6998533',2,2080,'2013-10-01 13:30:27',20,1,'8b5c0534d555dc0c4f52bc5c90e0abcc'),('bec789f87ed08d74f46e2c003907a947',2,2077,'2013-10-03 07:26:16',42,1,'4d4499c39cd6c63ad1be9473e621e654'),('bec789f87ed08d74f46e2c003907a947',2,2078,'2013-10-03 07:26:16',42,1,'4d4499c39cd6c63ad1be9473e621e654'),('c27fd56276d9b9b8822df2ce2cb84862',2,2081,'2013-10-03 07:26:44',42,1,'856cbde7eb6892a4822c3b5a0821391a'),('29dfe0ff8cd72d74f177beed9b0aaa77',2,2067,'2013-10-03 12:22:52',42,1,'4d5559445daafbf615fe9ced594417af'),('457dff2c126a4ad0f0a7b8236a7bd476',2,2074,'2013-10-03 14:30:55',20,1,'cb691bd287f20674810c7ccacb037ae7'),('457dff2c126a4ad0f0a7b8236a7bd476',2,2075,'2013-10-03 14:30:55',20,1,'cb691bd287f20674810c7ccacb037ae7'),('457dff2c126a4ad0f0a7b8236a7bd476',2,2076,'2013-10-03 14:30:55',20,1,'cb691bd287f20674810c7ccacb037ae7'),('6ef029379eb0f1fdb093c5f6158937d4',2,2084,'2013-10-04 08:38:50',20,1,'a30aae605b4477fb42e2f64219309f1a'),('53322d29d07473090fc4b633717b2d75',2,2085,'2013-10-04 10:15:56',42,1,'c98c524cc9b02414fc2169159e080678'),('e3e1a7982cb602632d570950f7022518',2,2079,'2013-10-04 10:16:04',42,1,'64c9be8cfbecbd5f5cd4c91e8df31c5a'),('895c16d652123b91a512d166fb1c7229',2,2086,'2013-10-07 14:51:18',42,1,'a7b31f2b4ea8d96f7c7abb4020e83a34'),('8101beef40281f6a7d49f9537834fed6',2,2089,'2013-10-10 14:00:45',20,1,'221fce09feafa4c7ed13b0516ca227e3'),('8101beef40281f6a7d49f9537834fed6',2,2090,'2013-10-10 14:00:45',20,1,'221fce09feafa4c7ed13b0516ca227e3'),('8101beef40281f6a7d49f9537834fed6',2,2091,'2013-10-10 14:00:45',20,1,'221fce09feafa4c7ed13b0516ca227e3'),('8101beef40281f6a7d49f9537834fed6',2,2092,'2013-10-10 14:00:45',20,1,'221fce09feafa4c7ed13b0516ca227e3'),('048dc8a2e56f7565ad897ee1fa7f1a3f',2,2098,'2013-10-11 16:55:05',20,1,'29a9d547f76692ae0804530ee24149d3'),('048dc8a2e56f7565ad897ee1fa7f1a3f',2,2099,'2013-10-11 16:55:05',20,1,'29a9d547f76692ae0804530ee24149d3'),('048dc8a2e56f7565ad897ee1fa7f1a3f',2,2100,'2013-10-11 16:55:05',20,1,'29a9d547f76692ae0804530ee24149d3'),('048dc8a2e56f7565ad897ee1fa7f1a3f',2,2101,'2013-10-11 16:55:05',20,1,'29a9d547f76692ae0804530ee24149d3'),('048dc8a2e56f7565ad897ee1fa7f1a3f',2,2102,'2013-10-11 16:55:05',20,1,'29a9d547f76692ae0804530ee24149d3'),('4572d611c68ee98e6728aa076ff641b5',2,2105,'2013-10-14 08:32:59',40,1,'ea109309cb87de37a37b39d572ebd43c'),('264b69182d14c9065f40dd7501d513bf',2,2107,'2013-10-14 14:07:02',42,1,'585254056809699e00e3a8da6bc1905d'),('264b69182d14c9065f40dd7501d513bf',2,2106,'2013-10-14 14:07:02',42,1,'585254056809699e00e3a8da6bc1905d'),('36e4fdb0ac713efab29a40c302550506',2,2108,'2013-10-15 09:02:05',42,1,'9ac7aa36dbc570d314d02c537af873eb'),('5109335ae1a4b111f52618c21dff3304',2,2109,'2013-10-21 08:25:55',40,1,'cf0694185b7161c1c9910bd3c9f3d3b7'),('49bb984707e8d41cdee5ec247658b645',2,2110,'2013-10-21 08:26:11',40,1,'c45bec2756df44fabffedea65627e165'),('0544f500197d346d14a87ebb066c53c2',2,2111,'2013-10-21 10:02:15',42,1,'6d2bb7de8e8368d5889cee1203fbb3f0'),('bea9bb3fdcc79b71dca8f3936f04f4db',2,2117,'2013-10-24 08:26:02',20,1,'b05dd04ebf0472f6e25af778eef18a8c'),('bea9bb3fdcc79b71dca8f3936f04f4db',2,2118,'2013-10-24 08:26:02',20,1,'b05dd04ebf0472f6e25af778eef18a8c'),('a8df3586ac5546be89c866c91d342504',2,2119,'2013-10-24 08:28:43',20,1,'8d0b708bedfd36f5dff4e417e286ebab'),('a8df3586ac5546be89c866c91d342504',2,2120,'2013-10-24 08:28:43',20,1,'8d0b708bedfd36f5dff4e417e286ebab'),('a8df3586ac5546be89c866c91d342504',2,2121,'2013-10-24 08:28:43',20,1,'8d0b708bedfd36f5dff4e417e286ebab'),('a8df3586ac5546be89c866c91d342504',2,2122,'2013-10-24 08:28:43',20,1,'8d0b708bedfd36f5dff4e417e286ebab'),('f6066414036afe746d917e534363afab',2,2123,'2013-10-24 09:01:34',42,1,'03974e67bdde8ab1b1c544517a86b9fd'),('828b5a9db36793419dd42c9ef7228dba',2,2124,'2013-10-24 15:42:29',42,1,'d82e71e8681d45289c76c3af4d6a239c'),('7cab42d3bb5f9942b6c1a8882b2fdcbe',2,2135,'2013-10-28 15:40:26',20,1,'269f596d3963b1e35c3ce31fff98cdf0'),('f8b404e5c95c28f85f13b87fc60afbbd',2,2145,'2013-11-05 16:58:48',25,0,''),('f8b404e5c95c28f85f13b87fc60afbbd',2,2144,'2013-11-05 16:58:48',25,0,''),('f8b404e5c95c28f85f13b87fc60afbbd',2,2143,'2013-11-05 16:58:48',25,0,''),('cca5184e62e6e1a39c9f496e73ead21f',2,2150,'2013-11-06 09:46:55',42,1,'913f5bc18c9300f6a8ae2da31de64e03'),('cca5184e62e6e1a39c9f496e73ead21f',2,2151,'2013-11-06 09:46:55',42,1,'913f5bc18c9300f6a8ae2da31de64e03'),('127a2450ca399b00a5ec63b4ed132b1a',2,2148,'2013-11-06 09:59:32',42,1,'460d3f254910ae84619766381f3b2ea2'),('127a2450ca399b00a5ec63b4ed132b1a',2,2149,'2013-11-06 09:59:32',42,1,'460d3f254910ae84619766381f3b2ea2'),('127a2450ca399b00a5ec63b4ed132b1a',2,2152,'2013-11-06 09:59:32',42,1,'460d3f254910ae84619766381f3b2ea2'),('127a2450ca399b00a5ec63b4ed132b1a',2,2153,'2013-11-06 09:59:32',42,1,'460d3f254910ae84619766381f3b2ea2'),('97640650d57127b043202e76776223f8',2,2155,'2013-11-06 10:03:33',42,1,'19107e3d37d13b269e00b89581ce2a20'),('4ff4b4bc794c2084621c250d3c5944cc',2,2165,'2013-11-08 09:39:23',42,1,'f8c9192984073fa7b0f95c1bca3c63cc'),('4ff4b4bc794c2084621c250d3c5944cc',2,2164,'2013-11-08 09:39:23',42,1,'f8c9192984073fa7b0f95c1bca3c63cc'),('4ff4b4bc794c2084621c250d3c5944cc',2,2163,'2013-11-08 09:39:23',42,1,'f8c9192984073fa7b0f95c1bca3c63cc'),('bd58ffc8f1278d6b3dc941ae075a0683',2,2166,'2013-11-13 11:12:36',20,1,'1c1ea8c34588b8d27c8b4c2f9edc324b'),('bd58ffc8f1278d6b3dc941ae075a0683',2,2167,'2013-11-13 11:12:36',20,1,'1c1ea8c34588b8d27c8b4c2f9edc324b'),('0c64196634538324c974c58032b13711',2,2168,'2013-11-13 11:12:52',20,1,'68a02850dca4478a42c0f33157ed5880'),('0c64196634538324c974c58032b13711',2,2169,'2013-11-13 11:12:52',20,1,'68a02850dca4478a42c0f33157ed5880'),('0c64196634538324c974c58032b13711',2,2170,'2013-11-13 11:12:52',20,1,'68a02850dca4478a42c0f33157ed5880'),('0c64196634538324c974c58032b13711',2,2171,'2013-11-13 11:12:52',20,1,'68a02850dca4478a42c0f33157ed5880'),('5da05d45ef45940fcd80f9a2ab1bce74',2,2168,'2013-11-13 11:13:08',20,1,'8c4d3004ba1b4148abc18982356b1806'),('5da05d45ef45940fcd80f9a2ab1bce74',2,2169,'2013-11-13 11:13:08',20,1,'8c4d3004ba1b4148abc18982356b1806'),('5da05d45ef45940fcd80f9a2ab1bce74',2,2170,'2013-11-13 11:13:08',20,1,'8c4d3004ba1b4148abc18982356b1806'),('5da05d45ef45940fcd80f9a2ab1bce74',2,2171,'2013-11-13 11:13:08',20,1,'8c4d3004ba1b4148abc18982356b1806'),('86998a8c1ea54a4ef0896d946794a7b6',2,2174,'2013-11-18 13:57:04',40,1,'02aa6256b928edeba7a1bfee7cfa27a3'),('48c3d5688f8f4d1286d18972abaada3f',2,2140,'2013-11-18 14:40:08',25,1,'4d0769f45df94c4c1b011bc3b5d5b88a'),('48c3d5688f8f4d1286d18972abaada3f',2,2141,'2013-11-18 14:40:08',25,1,'4d0769f45df94c4c1b011bc3b5d5b88a'),('48c3d5688f8f4d1286d18972abaada3f',2,2142,'2013-11-18 14:40:08',25,1,'4d0769f45df94c4c1b011bc3b5d5b88a'),('18610357ff4f09f27708d59d4fbd8e68',2,2175,'2013-11-18 14:40:53',25,1,'28e90ed8b2703766610e1fe60ffd31d5'),('18610357ff4f09f27708d59d4fbd8e68',2,2177,'2013-11-18 14:40:53',25,1,'28e90ed8b2703766610e1fe60ffd31d5'),('80145b9c74e1afa432859cbfc4da6fb0',2,2178,'2013-11-19 13:52:44',20,1,'2588ab6fc0833cdbdaa581d41a60a6ac'),('f0446fe374c3b6aadfda4a72ccf61c5f',2,2179,'2013-11-21 11:42:43',42,1,'0bcd427d52bd4b84dbf7e7dee2b155a0'),('fbd9d765cdfae11f1c77bdc2ceeda88d',2,2094,'2013-11-21 14:02:26',42,1,'4ca77dfb3016efc19588d38b509de97b'),('fbd9d765cdfae11f1c77bdc2ceeda88d',2,2095,'2013-11-21 14:02:26',42,1,'4ca77dfb3016efc19588d38b509de97b'),('fbd9d765cdfae11f1c77bdc2ceeda88d',2,2096,'2013-11-21 14:02:26',42,1,'4ca77dfb3016efc19588d38b509de97b'),('fbd9d765cdfae11f1c77bdc2ceeda88d',2,2097,'2013-11-21 14:02:26',42,1,'4ca77dfb3016efc19588d38b509de97b'),('63c8cb1cc94d4fc780ee78cde20b93b3',2,2180,'2013-11-21 14:02:34',42,1,'e7bc5d0b83190046c97ff49a2e852e7f'),('63c8cb1cc94d4fc780ee78cde20b93b3',2,2181,'2013-11-21 14:02:34',42,1,'e7bc5d0b83190046c97ff49a2e852e7f'),('63c8cb1cc94d4fc780ee78cde20b93b3',2,2182,'2013-11-21 14:02:34',42,1,'e7bc5d0b83190046c97ff49a2e852e7f'),('4eaf21e1b66d42af544c354a28bb3c9e',2,2183,'2013-11-22 15:30:56',40,1,'6521494b7865752612e432841ec5f897'),('822efde705fe99c716d7cd2b6fb0b624',2,2184,'2013-11-26 11:24:28',20,1,'85355f550bf5b85824a7785bfee8dbbc'),('b70bd30fa54adbaeb0eb1c50039a0405',2,2185,'2013-11-26 11:25:59',20,1,'4d923e8468d6fc44087b310407beb73a'),('309dcdad68e29a3571a8b66b7d296f00',2,2187,'2013-11-26 13:15:07',42,1,'a4719e4bb78cec986476cf5e87d47481'),('414ec3b961efa53a5c795462acdf3104',2,2188,'2013-11-27 08:24:24',42,1,'b961d2ad044450356b04420716b8b533'),('a39991b061b5a61270dfa35c966011c9',2,2189,'2013-11-27 13:51:34',20,1,'7a11350ee74f0fbd5a78f1b5e19b0cb6'),('147338c0dbd9e11f28e694b8bee8d0c4',2,2193,'2013-12-02 11:11:54',42,1,'07191dd000c31348e751ee8b24a4a85d'),('147338c0dbd9e11f28e694b8bee8d0c4',2,2192,'2013-12-02 11:11:54',42,1,'07191dd000c31348e751ee8b24a4a85d'),('61f56ce4fe324637791621da93bc4617',2,2195,'2013-12-04 14:48:40',42,1,'db05d964dfe81e10ab89d2766af872ff'),('61f56ce4fe324637791621da93bc4617',2,2196,'2013-12-04 14:48:40',42,1,'db05d964dfe81e10ab89d2766af872ff'),('61f56ce4fe324637791621da93bc4617',2,2197,'2013-12-04 14:48:40',42,1,'db05d964dfe81e10ab89d2766af872ff'),('8459946c5991c545df76ea9bd60d130d',2,2215,'2013-12-06 13:45:42',42,1,'869be64c0b64594f14b75ff5f2747400'),('8459946c5991c545df76ea9bd60d130d',2,2216,'2013-12-06 13:45:42',42,1,'869be64c0b64594f14b75ff5f2747400'),('8459946c5991c545df76ea9bd60d130d',2,2217,'2013-12-06 13:45:42',42,1,'869be64c0b64594f14b75ff5f2747400'),('8459946c5991c545df76ea9bd60d130d',2,2218,'2013-12-06 13:45:42',42,1,'869be64c0b64594f14b75ff5f2747400'),('d28ca4db9e9dfb8bf25c80e748d0c721',2,2224,'2013-12-09 08:22:58',42,1,'6d9ac1021516311f5620b5717677b8fb'),('d28ca4db9e9dfb8bf25c80e748d0c721',2,2225,'2013-12-09 08:22:58',42,1,'6d9ac1021516311f5620b5717677b8fb'),('d28ca4db9e9dfb8bf25c80e748d0c721',2,2226,'2013-12-09 08:22:58',42,1,'6d9ac1021516311f5620b5717677b8fb'),('d28ca4db9e9dfb8bf25c80e748d0c721',2,2227,'2013-12-09 08:22:58',42,1,'6d9ac1021516311f5620b5717677b8fb'),('d28ca4db9e9dfb8bf25c80e748d0c721',2,2228,'2013-12-09 08:22:58',42,1,'6d9ac1021516311f5620b5717677b8fb'),('b167dcb2fc7d6df35e52e63769dffc94',2,2229,'2013-12-09 08:23:35',42,1,'9af668ba665af0c1cb925c93d3fce124'),('b167dcb2fc7d6df35e52e63769dffc94',2,2230,'2013-12-09 08:23:35',42,1,'9af668ba665af0c1cb925c93d3fce124'),('90e6dcca49ea63ed98e62e400caf19e5',2,2233,'2013-12-10 10:24:05',20,1,'6d8631266276241f7b0c6e2f0ee4687b'),('09fac76a90cc308964f3d57283560c55',2,2223,'2013-12-10 10:43:16',25,1,'6b9dd9f2111c51d95f4604b17a972377'),('09fac76a90cc308964f3d57283560c55',2,2222,'2013-12-10 10:43:16',25,1,'6b9dd9f2111c51d95f4604b17a972377'),('09fac76a90cc308964f3d57283560c55',2,2221,'2013-12-10 10:43:16',25,1,'6b9dd9f2111c51d95f4604b17a972377'),('09fac76a90cc308964f3d57283560c55',2,2220,'2013-12-10 10:43:16',25,1,'6b9dd9f2111c51d95f4604b17a972377'),('09fac76a90cc308964f3d57283560c55',2,2219,'2013-12-10 10:43:16',25,1,'6b9dd9f2111c51d95f4604b17a972377'),('57db1eb34287b89e303aceb7ca7eff29',2,2234,'2013-12-10 11:38:25',40,1,'62478e08b75d427dc11c31e626b12391'),('cb1bdc6110c4443c9a8043ab10b53b58',2,2235,'2013-12-10 11:38:41',40,1,'393b487d4bc908e55bf1a670b3e2fc05'),('51084a23f37b8bbe3a219c8433efb45c',2,2236,'2013-12-11 08:48:09',42,1,'08630a4e1a82cf4b031944c2e4389a7a'),('e3a4a783f9c387e077659572beb7d63b',2,2238,'2013-12-13 07:52:54',42,1,'c16f9e5847568eb247c350d00588e381'),('3b8b9db2b3515aba1223e6c90ee6402f',2,2241,'2013-12-13 14:34:56',25,1,'3e053e641a47617d9527611cfa137029'),('3b8b9db2b3515aba1223e6c90ee6402f',2,2239,'2013-12-13 14:34:56',25,1,'3e053e641a47617d9527611cfa137029'),('58018fcf01fe0ec364376451f089c2c1',2,2243,'2013-12-16 09:09:09',42,1,'57ae77b9bdd33cd75bf324e86e276a68'),('58018fcf01fe0ec364376451f089c2c1',2,2244,'2013-12-16 09:09:09',42,1,'57ae77b9bdd33cd75bf324e86e276a68'),('58018fcf01fe0ec364376451f089c2c1',2,2245,'2013-12-16 09:09:09',42,1,'57ae77b9bdd33cd75bf324e86e276a68'),('58018fcf01fe0ec364376451f089c2c1',2,2246,'2013-12-16 09:09:09',42,1,'57ae77b9bdd33cd75bf324e86e276a68'),('58018fcf01fe0ec364376451f089c2c1',2,2247,'2013-12-16 09:09:09',42,1,'57ae77b9bdd33cd75bf324e86e276a68'),('bd61a0a7e03c0214e7786480fe48362d',2,2249,'2013-12-16 12:18:09',42,1,'09e36c49226d47a6c91b0de3cb86bb7b'),('bd61a0a7e03c0214e7786480fe48362d',2,2248,'2013-12-16 12:18:09',42,1,'09e36c49226d47a6c91b0de3cb86bb7b'),('050c301e958aaad1138c43ba85f8f722',2,2250,'2013-12-16 13:38:12',42,1,'832a5f7148e6f3933d0b726eb94cbc36'),('050c301e958aaad1138c43ba85f8f722',2,2251,'2013-12-16 13:38:12',42,1,'832a5f7148e6f3933d0b726eb94cbc36'),('050c301e958aaad1138c43ba85f8f722',2,2252,'2013-12-16 13:38:12',42,1,'832a5f7148e6f3933d0b726eb94cbc36'),('050c301e958aaad1138c43ba85f8f722',2,2253,'2013-12-16 13:38:12',42,1,'832a5f7148e6f3933d0b726eb94cbc36'),('6f915832108b2cc19cd479c9875f0bdd',2,2254,'2013-12-16 13:38:24',42,1,'278aa73e71dc6818d9040f2287c31ac5'),('6f915832108b2cc19cd479c9875f0bdd',2,2255,'2013-12-16 13:38:24',42,1,'278aa73e71dc6818d9040f2287c31ac5'),('fa4fb81b21d75f5f220fb3e44240368f',2,2256,'2013-12-29 11:46:59',25,1,'ce4fdefb6d55ac2fc5acda82528efe6f'),('fa4fb81b21d75f5f220fb3e44240368f',2,2257,'2013-12-29 11:46:59',25,1,'ce4fdefb6d55ac2fc5acda82528efe6f'),('5484ed39265324f8c7ef886ed9ba1fb5',2,2258,'2014-01-02 11:23:13',42,1,'b7751b348b30102a014641bec5bd5440'),('5484ed39265324f8c7ef886ed9ba1fb5',2,2259,'2014-01-02 11:23:13',42,1,'b7751b348b30102a014641bec5bd5440'),('5484ed39265324f8c7ef886ed9ba1fb5',2,2260,'2014-01-02 11:23:13',42,1,'b7751b348b30102a014641bec5bd5440'),('8b6c15f8979e4f1ce8bcc9bdd725331d',2,2082,'2014-01-06 22:01:14',25,0,''),('36aa41c4347ea4951e61cb5e62e1e067',2,2261,'2014-01-06 22:02:01',25,0,''),('36aa41c4347ea4951e61cb5e62e1e067',2,1963,'2014-01-06 22:02:01',25,0,''),('36aa41c4347ea4951e61cb5e62e1e067',2,1964,'2014-01-06 22:02:01',25,0,''),('36aa41c4347ea4951e61cb5e62e1e067',2,1965,'2014-01-06 22:02:01',25,0,''),('3401bc9bd9b6414e95a4df673e7e3130',2,2263,'2014-01-06 22:06:47',25,0,''),('34813c8593d45c47159c327d4ef3df8d',2,2264,'2014-01-07 07:39:18',42,1,'697260ec726d612da5a90a984e9e28f5'),('ae77d8da6d53eac04a459ae6937c3636',2,2265,'2014-01-07 07:49:54',42,1,'4682a9eac8ebf88411682e186d8bf44f'),('294236257fdf9e4f90dc7a51daafd324',2,2267,'2014-01-07 08:03:09',42,1,'432452c5d74bb55ed9dbd7943257cd91'),('975c80a6850cbb2d24bb04982863feeb',2,2268,'2014-01-07 09:42:47',42,1,'dbf8e1b38fc1e1d2ed8223183217cf3c'),('c5d68a44ebe7061d77f65269d0da51cf',2,2270,'2014-01-07 09:52:31',42,1,'ff5c98f548346422f98ff0049be9fa47'),('c5d68a44ebe7061d77f65269d0da51cf',2,2269,'2014-01-07 09:52:31',42,1,'ff5c98f548346422f98ff0049be9fa47'),('2713b95afb764f98e23dd150d7793018',2,2271,'2014-01-07 10:31:25',25,0,''),('9e76f9270d3a60e9199ad8ec6a994412',2,2273,'2014-01-07 11:28:42',20,1,'8fcd59904a5fd04c86bf832f9080905b'),('55cd57676ccdf73cfff6710792976c97',2,2274,'2014-01-07 14:36:18',42,1,'9cc603bcfa2510d7c9bc0ec70aad950a'),('c2fc2ae05aec53ff98ef51e1b3996f8e',2,2276,'2014-01-08 16:49:13',40,1,'88df883b5478eb312df294ed00ddc47e'),('c2fc2ae05aec53ff98ef51e1b3996f8e',2,2277,'2014-01-08 16:49:13',40,1,'88df883b5478eb312df294ed00ddc47e'),('c2fc2ae05aec53ff98ef51e1b3996f8e',2,2278,'2014-01-08 16:49:13',40,1,'88df883b5478eb312df294ed00ddc47e'),('495b1ba86ee1d2e83ec079cc3f5ec723',2,2279,'2014-01-10 08:31:52',20,1,'cc9c36f11b6d7e3699eff4e3576392af'),('495b1ba86ee1d2e83ec079cc3f5ec723',2,2280,'2014-01-10 08:31:52',20,1,'cc9c36f11b6d7e3699eff4e3576392af'),('031e892f3dfbb6e869864f0dc0149c6d',2,2284,'2014-01-15 11:01:20',20,1,'c8addda205c62868b8893bd841365aff'),('b6b11e7a870f51d5511db34ed8919e4b',2,2285,'2014-01-15 11:02:17',20,1,'4932d6259b4c9b9e41bfb7c858d70589'),('a0335a2b1389d648a6a4b5d82dd65dbb',2,2291,'2014-01-17 07:37:40',42,1,'8d54e8eb33e077aec4d64852ca52eb35'),('01c6b4f7cd59008279ec4a83b3b05550',2,2294,'2014-01-22 10:01:27',42,1,'494e3e85658d95dc56d7a43b5919e367'),('01c6b4f7cd59008279ec4a83b3b05550',2,2293,'2014-01-22 10:01:27',42,1,'494e3e85658d95dc56d7a43b5919e367'),('d95f2fdcbbd4b14b7c739873903c0bf9',2,2295,'2014-01-24 15:59:11',25,0,''),('d95f2fdcbbd4b14b7c739873903c0bf9',2,2298,'2014-01-24 15:59:11',25,0,''),('d95f2fdcbbd4b14b7c739873903c0bf9',2,2299,'2014-01-24 15:59:11',25,0,''),('b990cdd4003ec84aee6908eb7caa3377',2,2301,'2014-01-24 16:02:35',25,0,''),('b990cdd4003ec84aee6908eb7caa3377',2,2302,'2014-01-24 16:02:35',25,0,''),('b990cdd4003ec84aee6908eb7caa3377',2,2303,'2014-01-24 16:02:35',25,0,''),('b990cdd4003ec84aee6908eb7caa3377',2,2304,'2014-01-24 16:02:35',25,0,''),('b990cdd4003ec84aee6908eb7caa3377',2,2305,'2014-01-24 16:02:35',25,0,''),('b990cdd4003ec84aee6908eb7caa3377',2,2306,'2014-01-24 16:02:35',25,0,''),('b990cdd4003ec84aee6908eb7caa3377',2,2307,'2014-01-24 16:02:35',25,0,''),('b990cdd4003ec84aee6908eb7caa3377',2,2308,'2014-01-24 16:02:35',25,0,''),('55224e4cb29046786c7632231ca8f764',2,2312,'2014-01-24 16:09:01',25,0,''),('55224e4cb29046786c7632231ca8f764',2,2311,'2014-01-24 16:09:01',25,0,''),('55224e4cb29046786c7632231ca8f764',2,2309,'2014-01-24 16:09:01',25,0,''),('55224e4cb29046786c7632231ca8f764',2,2310,'2014-01-24 16:09:01',25,0,''),('346b6e132094ed42dcf9749abc6c62aa',2,2313,'2014-01-24 16:17:04',25,1,'25f22e61baf4bcdd5ddac61d304d1832'),('9f1cec1a68cfc0222b6213178a179d6e',2,2314,'2014-01-27 14:40:24',42,1,'34c28b97426913be094d0763c1ef974e'),('8ab309c14a915b669e83ed1a0288e7a5',2,2332,'2014-01-27 17:37:26',42,1,'33ebd3da8d76ae2afaadb6fe0ff78bec'),('8ab309c14a915b669e83ed1a0288e7a5',2,2333,'2014-01-27 17:37:26',42,1,'33ebd3da8d76ae2afaadb6fe0ff78bec'),('88ea7d51949373afa61214a32e52d85c',2,2334,'2014-01-29 09:56:06',20,1,'c78f1d1fb3d50909e37c8e83a4e698fa'),('88ea7d51949373afa61214a32e52d85c',2,2335,'2014-01-29 09:56:06',20,1,'c78f1d1fb3d50909e37c8e83a4e698fa'),('88ea7d51949373afa61214a32e52d85c',2,2336,'2014-01-29 09:56:06',20,1,'c78f1d1fb3d50909e37c8e83a4e698fa'),('88ea7d51949373afa61214a32e52d85c',2,2337,'2014-01-29 09:56:06',20,1,'c78f1d1fb3d50909e37c8e83a4e698fa'),('88ea7d51949373afa61214a32e52d85c',2,2338,'2014-01-29 09:56:06',20,1,'c78f1d1fb3d50909e37c8e83a4e698fa'),('230a8bafe06354f4a61f55a19f9e8911',2,2339,'2014-01-29 09:56:30',20,1,'bcde98c20845f6d2c15ddce2cea183a1'),('5de0fab82a7c270a19a27721b525b7e1',2,2341,'2014-02-04 09:13:55',40,1,'04572b66cba6cf673ed48577fe89abde'),('5de0fab82a7c270a19a27721b525b7e1',2,2342,'2014-02-04 09:13:55',40,1,'04572b66cba6cf673ed48577fe89abde'),('5de0fab82a7c270a19a27721b525b7e1',2,2343,'2014-02-04 09:13:55',40,1,'04572b66cba6cf673ed48577fe89abde'),('5de0fab82a7c270a19a27721b525b7e1',2,2344,'2014-02-04 09:13:55',40,1,'04572b66cba6cf673ed48577fe89abde'),('a58ebb2692248c954aa9e549d70e2dd0',2,2345,'2014-02-04 09:15:34',40,1,'e45653621615c931866c72f504bea770'),('a58ebb2692248c954aa9e549d70e2dd0',2,2346,'2014-02-04 09:15:34',40,1,'e45653621615c931866c72f504bea770'),('ec224fae831a4fb91c9dec017f1feffd',2,2347,'2014-02-06 08:57:31',42,1,'92f997a2d6a6b85c3787c26909551598'),('dcd82260b6814f410df5883d8a351300',2,2348,'2014-02-06 10:40:08',42,1,'ca8b8b14693e6ad480716eca74a6f1a2'),('dcd82260b6814f410df5883d8a351300',2,2349,'2014-02-06 10:40:08',42,1,'ca8b8b14693e6ad480716eca74a6f1a2'),('954b01a3205ae21abe2de3e30d4dc80a',2,2351,'2014-02-10 08:54:18',42,0,''),('e24a350c102ce9114b45e769beca91a1',2,2353,'2014-02-10 10:01:22',42,1,'d7b7c9715cd7cfca0f9af1d378fa4fda'),('e24a350c102ce9114b45e769beca91a1',2,2352,'2014-02-10 10:01:22',42,1,'d7b7c9715cd7cfca0f9af1d378fa4fda'),('7cf92a5c4606243a938333f2a7e2104e',2,2354,'2014-02-10 15:53:37',42,1,'ead6ff7a951d217c4497ad121c203549'),('cfc43e87e65c2a2d1c8c3e2676086ce5',2,2355,'2014-02-11 08:55:07',42,1,'f6e078dba3b6d9368105d53c00d4a1d4'),('c6624cce435398ae3a9a96e0ab1be9e8',2,2357,'2014-02-12 08:54:19',20,1,'cd825b83e441005db9ecbe8c719fc1b3'),('c6624cce435398ae3a9a96e0ab1be9e8',2,2356,'2014-02-12 08:54:19',20,1,'cd825b83e441005db9ecbe8c719fc1b3'),('65e91ebaa8016c8e050aedbe09a9e0a9',2,2368,'2014-02-19 08:57:37',42,1,'097574901f82c9936804b79219548dcf'),('65e91ebaa8016c8e050aedbe09a9e0a9',2,2369,'2014-02-19 08:57:37',42,1,'097574901f82c9936804b79219548dcf'),('65e91ebaa8016c8e050aedbe09a9e0a9',2,2370,'2014-02-19 08:57:37',42,1,'097574901f82c9936804b79219548dcf'),('5d4b7c3b0c5259eb87750ce4702931dc',2,2371,'2014-02-19 10:25:36',42,1,'30839a267b8299abdff62d69e20a877d'),('3fef1548dd059b1efddd9465bf9d568a',2,2372,'2014-02-20 16:42:17',25,0,''),('cd6435b7640cbd116240c08cdce73d90',2,2373,'2014-02-21 08:57:34',20,1,'a1d9d37ddb9e96a1b14a51cffa618d0e'),('3e9d64ddbcb93da48f068231f9b1ab3e',2,2375,'2014-02-24 14:18:00',42,1,'70d52fa4fe59b05dd1d87eef23f902f9'),('91e862d4175735bd1f8e8f91c1c36f87',2,2374,'2014-02-24 14:18:07',42,1,'1c5c0e734b543c77899f82fdfa54a853'),('abbdd64a79be611fc31d3f3184c64a1a',2,2383,'2014-02-26 08:06:46',42,1,'e3f84af7ba6adea926f451cf3b2c07b7'),('eb0617cba5046f7a9c73e0776fb0e90e',2,2385,'2014-02-26 08:17:28',42,1,'493e7e87ebf28cc88f6c5e4f10a02a93'),('eb0617cba5046f7a9c73e0776fb0e90e',2,2384,'2014-02-26 08:17:28',42,1,'493e7e87ebf28cc88f6c5e4f10a02a93'),('41c8eb949c56ceb07effd9a955824dc2',2,2386,'2014-03-03 07:32:04',42,1,'b545ad10f5c994687bba6cbe9a93ba25'),('a5e34b38089def22bf21c0f119f41ae9',2,2387,'2014-03-03 15:09:58',20,1,'64f85e96d22d16e819bda2af468a90a4'),('d1d44c856358fc63c03799e9d6535fe1',2,2406,'2014-03-04 14:21:09',42,1,'6e38afd509acc7e611a1e45efe06fa8a'),('c41b84f52f57232bb09cd079f5907429',2,2415,'2014-03-06 09:42:10',25,0,''),('90b9222a1648a246e2621e35a1da57af',2,2417,'2014-03-14 09:04:35',20,1,'a4fe73285f23fc94f72d7bf5e69298a6'),('90b9222a1648a246e2621e35a1da57af',2,2418,'2014-03-14 09:04:35',20,1,'a4fe73285f23fc94f72d7bf5e69298a6'),('90b9222a1648a246e2621e35a1da57af',2,2419,'2014-03-14 09:04:35',20,1,'a4fe73285f23fc94f72d7bf5e69298a6'),('532f792bc26b91328efedf305ab85583',2,2420,'2014-03-17 08:34:45',42,1,'4c6ab9ad82c2e42766d593b7e456b87d'),('532f792bc26b91328efedf305ab85583',2,2421,'2014-03-17 08:34:45',42,1,'4c6ab9ad82c2e42766d593b7e456b87d'),('532f792bc26b91328efedf305ab85583',2,2422,'2014-03-17 08:34:45',42,1,'4c6ab9ad82c2e42766d593b7e456b87d'),('532f792bc26b91328efedf305ab85583',2,2423,'2014-03-17 08:34:45',42,1,'4c6ab9ad82c2e42766d593b7e456b87d'),('532f792bc26b91328efedf305ab85583',2,2424,'2014-03-17 08:34:45',42,1,'4c6ab9ad82c2e42766d593b7e456b87d'),('b38dabe8f310cb99c0bfe9d4bf16a24f',2,2428,'2014-03-17 13:26:59',20,0,''),('b38dabe8f310cb99c0bfe9d4bf16a24f',2,2429,'2014-03-17 13:26:59',20,0,''),('b38dabe8f310cb99c0bfe9d4bf16a24f',2,2430,'2014-03-17 13:26:59',20,0,''),('c6c03fc17ae5bb27dc3b976a7a5e34f8',2,2431,'2014-03-17 13:31:30',20,1,'73e9b37f58a56dd4c493e16cfc3de3a8'),('c6c03fc17ae5bb27dc3b976a7a5e34f8',2,2432,'2014-03-17 13:31:30',20,1,'73e9b37f58a56dd4c493e16cfc3de3a8'),('c6c03fc17ae5bb27dc3b976a7a5e34f8',2,2433,'2014-03-17 13:31:30',20,1,'73e9b37f58a56dd4c493e16cfc3de3a8'),('c6c03fc17ae5bb27dc3b976a7a5e34f8',2,2434,'2014-03-17 13:31:30',20,1,'73e9b37f58a56dd4c493e16cfc3de3a8'),('c6c03fc17ae5bb27dc3b976a7a5e34f8',2,2435,'2014-03-17 13:31:30',20,1,'73e9b37f58a56dd4c493e16cfc3de3a8'),('c6c03fc17ae5bb27dc3b976a7a5e34f8',2,2436,'2014-03-17 13:31:30',20,1,'73e9b37f58a56dd4c493e16cfc3de3a8'),('804d782d44b80b30d006bd63a90772c2',2,2437,'2014-03-17 13:32:35',20,1,'ec8bdc8f159f29579accdfbad2c76e50'),('7d1bac39208a64fc4463859b41311af4',2,2438,'2014-03-19 10:03:29',20,1,'dfb00db78a8c6213b56d2f8d6ddadf44'),('b721a88549f324b6bb0f0c578943a9f3',2,2440,'2014-03-19 15:52:53',42,1,'4df04505d73239d27524a55ad0caac2c'),('b721a88549f324b6bb0f0c578943a9f3',2,2441,'2014-03-19 15:52:53',42,1,'4df04505d73239d27524a55ad0caac2c'),('b721a88549f324b6bb0f0c578943a9f3',2,2442,'2014-03-19 15:52:53',42,1,'4df04505d73239d27524a55ad0caac2c'),('3e7ff452203b6b1be0a9cbe29e7a9c9a',2,2443,'2014-03-19 15:52:57',42,1,'3ca47a304d09215edc4063533fd6e88a'),('263045fb35684c317e55455b67ce85aa',2,2446,'2014-03-21 09:44:23',42,1,'faecde670fae9d52ec2523163c667731'),('0db4ea6da8dc9191112f46be130600c6',2,2445,'2014-03-21 12:41:33',42,1,'7aee701a08e0fc307760a38c3066a0cc'),('24256356b0f88164f54df53b57c90543',2,2447,'2014-03-24 08:36:20',40,1,'329d2afdc6d20b158845f1da7ce51c63'),('e12db60d281f013934f35c2b1c3949ab',2,2448,'2014-03-24 08:36:50',40,1,'de6613334ded3a51d3a95126f67e9a98'),('c28d1a0383945c7499ce4c04fd4df40a',2,2449,'2014-03-24 08:37:37',40,1,'6af68787433884f02065c95df0ef05d7'),('c28d1a0383945c7499ce4c04fd4df40a',2,2450,'2014-03-24 08:37:37',40,1,'6af68787433884f02065c95df0ef05d7'),('c28d1a0383945c7499ce4c04fd4df40a',2,2451,'2014-03-24 08:37:37',40,1,'6af68787433884f02065c95df0ef05d7'),('c28d1a0383945c7499ce4c04fd4df40a',2,2452,'2014-03-24 08:37:37',40,1,'6af68787433884f02065c95df0ef05d7'),('3ed735ca9ae535c22e0472b7a909fa69',2,2453,'2014-03-24 08:37:51',40,1,'911a311b38100a02628b8820ccb9ff40'),('aa8713d73c9b75ab54f42dc6181f752b',2,2457,'2014-03-24 10:29:31',40,1,'0a3070ccca1eb7c47540c98dfa8c1293'),('4ed4da5afb201e34457fdd52d1c143dc',2,2458,'2014-03-25 08:30:41',42,1,'9f4e6b91dcadf9ee5c716f971c764d99'),('7862c55557049e36f98f9c922b3a7dda',2,2461,'2014-03-26 11:35:24',25,0,''),('7862c55557049e36f98f9c922b3a7dda',2,2460,'2014-03-26 11:35:24',25,0,''),('3a9f4d4bbaad2a62bfbdafb5e290949e',2,2205,'2014-03-26 14:50:08',25,0,''),('3a9f4d4bbaad2a62bfbdafb5e290949e',2,2172,'2014-03-26 14:50:08',25,0,''),('3a9f4d4bbaad2a62bfbdafb5e290949e',2,2158,'2014-03-26 14:50:08',25,0,''),('3a9f4d4bbaad2a62bfbdafb5e290949e',2,2159,'2014-03-26 14:50:08',25,0,''),('3a9f4d4bbaad2a62bfbdafb5e290949e',2,2112,'2014-03-26 14:50:08',25,0,''),('3a9f4d4bbaad2a62bfbdafb5e290949e',2,2087,'2014-03-26 14:50:08',25,0,''),('3a9f4d4bbaad2a62bfbdafb5e290949e',2,2455,'2014-03-26 14:50:08',25,0,''),('3a9f4d4bbaad2a62bfbdafb5e290949e',2,2069,'2014-03-26 14:50:08',25,0,''),('3a9f4d4bbaad2a62bfbdafb5e290949e',2,2041,'2014-03-26 14:50:08',25,0,''),('3a9f4d4bbaad2a62bfbdafb5e290949e',2,2456,'2014-03-26 14:50:08',25,0,''),('3a9f4d4bbaad2a62bfbdafb5e290949e',2,2016,'2014-03-26 14:50:08',25,0,''),('a3d18d1caa0895421b1cb78bb1b672b9',2,2471,'2014-03-28 09:53:50',25,1,'e74e52514baa68e5e5b28dabbd9a768c'),('ff75c317abf9dd1403d24c646a2b2dbb',2,2473,'2014-04-01 09:38:14',42,1,'472379e221c173bb955d132ef0ea2f4a'),('c80c01dee0a1b0ddc9b67da167723b8b',2,2474,'2014-04-01 13:02:48',42,1,'dc21aa32c30fa24d1fcd25818476ac19'),('c80c01dee0a1b0ddc9b67da167723b8b',2,2475,'2014-04-01 13:02:48',42,1,'dc21aa32c30fa24d1fcd25818476ac19'),('c80c01dee0a1b0ddc9b67da167723b8b',2,2476,'2014-04-01 13:02:48',42,1,'dc21aa32c30fa24d1fcd25818476ac19'),('c80c01dee0a1b0ddc9b67da167723b8b',2,2477,'2014-04-01 13:02:48',42,1,'dc21aa32c30fa24d1fcd25818476ac19'),('c80c01dee0a1b0ddc9b67da167723b8b',2,2478,'2014-04-01 13:02:48',42,1,'dc21aa32c30fa24d1fcd25818476ac19'),('53ab5b9140cee86d30bb763633e04e50',2,2483,'2014-04-01 13:08:58',25,0,''),('53ab5b9140cee86d30bb763633e04e50',2,2482,'2014-04-01 13:08:58',25,0,''),('53ab5b9140cee86d30bb763633e04e50',2,2481,'2014-04-01 13:08:58',25,0,''),('53ab5b9140cee86d30bb763633e04e50',2,2480,'2014-04-01 13:08:58',25,0,''),('53ab5b9140cee86d30bb763633e04e50',2,2479,'2014-04-01 13:08:58',25,0,''),('58af04943aad220a4a7ce76f7e459baf',2,2484,'2014-04-02 08:54:55',42,1,'13728a33f21ec14bed2480f93af722cf'),('eb4a12864a9c859da00511dff830ce63',2,2490,'2014-04-02 12:36:45',42,1,'786a416266bd8ae1298f462e1cbd0b38'),('eb4a12864a9c859da00511dff830ce63',2,2491,'2014-04-02 12:36:45',42,1,'786a416266bd8ae1298f462e1cbd0b38'),('d9ae9216eed4c08ab114f1595ad24266',2,2485,'2014-04-02 12:37:03',42,1,'2abd98eba4846ab3a33f44ae5b9ede70'),('d9ae9216eed4c08ab114f1595ad24266',2,2486,'2014-04-02 12:37:03',42,1,'2abd98eba4846ab3a33f44ae5b9ede70'),('d9ae9216eed4c08ab114f1595ad24266',2,2487,'2014-04-02 12:37:03',42,1,'2abd98eba4846ab3a33f44ae5b9ede70'),('d9ae9216eed4c08ab114f1595ad24266',2,2488,'2014-04-02 12:37:03',42,1,'2abd98eba4846ab3a33f44ae5b9ede70'),('d9ae9216eed4c08ab114f1595ad24266',2,2489,'2014-04-02 12:37:03',42,1,'2abd98eba4846ab3a33f44ae5b9ede70'),('ceeb124695175c9dbf24250954df38ee',2,2495,'2014-04-03 08:14:40',25,0,''),('ceeb124695175c9dbf24250954df38ee',2,2496,'2014-04-03 08:14:40',25,0,''),('c909c227e6152ea1e5ec32ffc7ec7f30',2,2501,'2014-04-03 13:10:22',25,0,''),('c909c227e6152ea1e5ec32ffc7ec7f30',2,2500,'2014-04-03 13:10:22',25,0,''),('c909c227e6152ea1e5ec32ffc7ec7f30',2,2499,'2014-04-03 13:10:22',25,0,''),('c909c227e6152ea1e5ec32ffc7ec7f30',2,2498,'2014-04-03 13:10:22',25,0,''),('c909c227e6152ea1e5ec32ffc7ec7f30',2,2497,'2014-04-03 13:10:22',25,0,''),('5225c38e56bad684e1ba4331b6fa0a06',2,2502,'2014-04-04 07:36:58',42,1,'c5f68beb391b5c9a30defa24a24858a3'),('ad04bb227a2e7adcd0a0bb53c3eda1f7',2,2505,'2014-04-04 17:23:53',20,1,'4c0c9e0f78a8c18c7761a83d3e9d36c3'),('ad04bb227a2e7adcd0a0bb53c3eda1f7',2,2506,'2014-04-04 17:23:53',20,1,'4c0c9e0f78a8c18c7761a83d3e9d36c3'),('3590b48dde2d0214419cf977cd496c42',2,2524,'2014-04-10 06:40:41',42,1,'f73a53e1dbf076af887b7217ff71eebd'),('d823c817fecc6131dab0a42c72822531',2,2525,'2014-04-10 10:31:48',42,1,'b6126d7e950e2869e13ae292fe12ba5f'),('64004c04bd3eb580321496f1fe21bd85',2,2526,'2014-04-11 12:39:20',40,1,'5cfbeca6d79f09873e68512aec12d867'),('64004c04bd3eb580321496f1fe21bd85',2,2527,'2014-04-11 12:39:20',40,1,'5cfbeca6d79f09873e68512aec12d867'),('102d30ddefd05afd271453ef72ef44fd',2,2529,'2014-04-11 12:41:33',40,1,'1f75a28990ddd210fb7abb820b55d247'),('b214b4334b8735f7875740e30001b156',2,2530,'2014-04-14 08:03:12',42,1,'cfd7d50b76a179c472756f32b5782532'),('ec20f14aef0457d57aca254c28671dbb',2,2531,'2014-04-14 08:40:47',20,1,'3f960cb92a18d0d047a585db52e7ef71'),('b05d20dab637b9c9a44c2dfe0dd8a8c6',2,2533,'2014-04-14 15:00:39',42,0,''),('b05d20dab637b9c9a44c2dfe0dd8a8c6',2,2534,'2014-04-14 15:00:39',42,0,''),('b05d20dab637b9c9a44c2dfe0dd8a8c6',2,2535,'2014-04-14 15:00:39',42,0,''),('96f337cacae67772827fd19bf7940cae',2,2536,'2014-04-14 15:01:58',42,0,''),('96f337cacae67772827fd19bf7940cae',2,2537,'2014-04-14 15:01:58',42,0,''),('96f337cacae67772827fd19bf7940cae',2,2538,'2014-04-14 15:01:58',42,0,''),('96f337cacae67772827fd19bf7940cae',2,2539,'2014-04-14 15:01:58',42,0,''),('96f337cacae67772827fd19bf7940cae',2,2540,'2014-04-14 15:01:58',42,0,''),('d2223f7d9555ffd483bedfcd55741e1c',2,2541,'2014-04-14 15:03:28',42,0,''),('dbfcb2b7a5e573c09218abfe72075b49',2,2542,'2014-04-15 09:54:10',42,1,'c64c61035113ad0b68485b6f47a1c1cb'),('dbfcb2b7a5e573c09218abfe72075b49',2,2543,'2014-04-15 09:54:10',42,1,'c64c61035113ad0b68485b6f47a1c1cb'),('dbfcb2b7a5e573c09218abfe72075b49',2,2544,'2014-04-15 09:54:10',42,1,'c64c61035113ad0b68485b6f47a1c1cb'),('346ae1052c4c5b1f87cc25ffc754de46',2,2545,'2014-04-15 10:16:25',42,0,''),('1e41634966c7af5c7e952d629948e4d3',2,2546,'2014-04-15 11:33:41',42,1,'9f696a45feb8f0d257e16e999c31b71b'),('adcc101705dc5fbffdc882fef9571266',2,2547,'2014-04-16 07:11:29',42,1,'ffe25c63d929af6eb02d7a51e9ff7fde'),('501b97751e4029da58275e7202b32c01',2,2548,'2014-04-17 07:20:56',42,1,'8d34885a0a734d6c36e6f59a24820823'),('08bf514b1d52861d8b0545e375cd26a4',2,2549,'2014-04-17 07:33:33',42,1,'a766e63c0413d7f3ae88d665ccad779c'),('b9d6898391684afd825b5f268d897d0b',2,2550,'2014-04-18 07:52:30',42,1,'be1dad79f1506e6800609a97b1a74350'),('0df83719132dceb493e867d46c83be0f',2,2551,'2014-04-21 09:51:29',42,1,'f171a2f1ac5e1c9b269f3efd98fdbb1e'),('0dbd133d83d0e620be99735098b081e9',2,2552,'2014-04-21 15:10:27',20,1,'5d4861246e40106a10e8b176d079af60'),('0dbd133d83d0e620be99735098b081e9',2,2553,'2014-04-21 15:10:27',20,1,'5d4861246e40106a10e8b176d079af60'),('82e07f0cc0e3652ccabff40fe8dfd80c',2,2554,'2014-04-21 16:22:01',40,1,'e8c46f2beb7aa2ad862ed6aaf4fc2b82'),('a066df709c41690cb41168f953bf3447',2,2555,'2014-04-22 09:04:03',20,1,'c224ed5d83b7d550915fc75aec82c647'),('a066df709c41690cb41168f953bf3447',2,2556,'2014-04-22 09:04:03',20,1,'c224ed5d83b7d550915fc75aec82c647'),('a066df709c41690cb41168f953bf3447',2,2557,'2014-04-22 09:04:03',20,1,'c224ed5d83b7d550915fc75aec82c647'),('a066df709c41690cb41168f953bf3447',2,2558,'2014-04-22 09:04:03',20,1,'c224ed5d83b7d550915fc75aec82c647'),('496bb50cbdfc46e50cbdbe3bdb62b6e9',2,2559,'2014-04-22 09:04:13',20,1,'4134de3ab095ccff0459fa1cdc37a5e7'),('496bb50cbdfc46e50cbdbe3bdb62b6e9',2,2560,'2014-04-22 09:04:13',20,1,'4134de3ab095ccff0459fa1cdc37a5e7'),('ad20b4d2e8bbfa70fed4b17473bc83af',2,2561,'2014-04-27 10:31:30',25,0,''),('ec9355e443297091b73875445db622ec',2,2564,'2014-04-30 08:12:10',25,0,''),('ec9355e443297091b73875445db622ec',2,2565,'2014-04-30 08:12:10',25,0,''),('8cebdc5bc50f4ecd7f50207f295a38b3',2,2566,'2014-05-01 10:18:25',20,0,''),('b822ab56a251be55bd95c7a743626188',2,2567,'2014-05-01 13:00:47',42,1,'d912ebc2dbd5ebe36cc9ca780a316581'),('9eca38b1450fd8d09e74bbb24a35403a',2,2568,'2014-05-01 13:57:07',20,1,'299f1b855f3715cafc1d0885bb54dfd2'),('728c0899af270d9246ba6b6f83c95c0e',2,2569,'2014-05-01 13:57:24',20,1,'16684c90cb1c909e07eb24220b312de9'),('ac6fb4eac54ebbc125e137db64786316',2,2570,'2014-05-01 13:57:57',20,1,'366dc2c9f883f164a95df2010a1130ee'),('2186513ea0aac61859f18242b5c44de0',2,2573,'2014-05-05 07:59:07',42,1,'028951c7656569f3bd6ba1de31b280fc'),('6f40b4da8bd88ebc8fcbb1eb51b6208a',2,2574,'2014-05-06 09:02:42',42,1,'373a103d67739e18b8ecad619718f01c'),('03a8c45e35c32078beae359caf5e0150',2,2575,'2014-05-07 16:46:35',20,1,'c12f5231e2d9535885b130fe97b780fa'),('bb5e7741c93b7be13f396251d883dda0',2,2576,'2014-05-08 07:57:38',42,1,'12f640707a9bac7022de5c76c43ad683'),('3c704efa473340ba5b380cf626e4a60e',2,2577,'2014-05-09 08:19:54',42,1,'ec003c719d1c552bedef8dca8b534239'),('7259dd3190e8efa9c4e344183ce34559',2,2578,'2014-05-09 10:00:28',20,1,'89d4517ead5ec541ec4a9e0f80dd6938'),('814c4772df13b5885745c4c405c50226',2,2598,'2014-05-14 10:42:37',40,1,'f78df86c4944fc141cbe11792fe184d5'),('549e2984b3f80c2f133352276badb0cd',2,2600,'2014-05-15 08:37:35',40,1,'0add86739be27d8f16dd22e25866436c'),('dde090985788a09dba69be42b22bc9f9',2,2601,'2014-05-15 08:37:55',40,1,'648d815749b353bf35d28247e5e1ac6f'),('612b596982c3936918c10ff8e2de7566',2,2602,'2014-05-15 08:38:52',40,1,'921162f5e47125c9f54d74a3fca1ce7a'),('07c83c5cb400eedc0d887c4ac53f0eb7',2,2603,'2014-05-15 08:39:24',40,1,'7411d4a3db7174c75d5aa6e8871d6faf'),('5831597fff3893073b359cb939dfe02b',2,2606,'2014-05-16 08:24:56',42,1,'7252406a4626770f2a84b038047db455'),('5831597fff3893073b359cb939dfe02b',2,2604,'2014-05-16 08:24:56',42,1,'7252406a4626770f2a84b038047db455'),('5831597fff3893073b359cb939dfe02b',2,2605,'2014-05-16 08:24:56',42,1,'7252406a4626770f2a84b038047db455'),('76c5fe2f219b1e3946764abe7fbf31d0',2,2563,'2014-05-16 16:03:26',25,1,'e5b926357c2169708da1a2960eb3c550'),('a53723b95df9e97f02dc644e65f41c48',2,2139,'2014-05-16 16:03:51',25,0,''),('f4d1f837c8b95d72673fe08282cc7683',2,2607,'2014-05-16 16:19:17',25,0,''),('f4d1f837c8b95d72673fe08282cc7683',2,2608,'2014-05-16 16:19:17',25,0,''),('f4d1f837c8b95d72673fe08282cc7683',2,2609,'2014-05-16 16:19:17',25,0,''),('efb7bd03c37df176248fadcc3f1ac29f',2,2611,'2014-05-19 08:41:52',42,1,'e7bfcf236dec332bd1675e66ce6c9d00'),('efb7bd03c37df176248fadcc3f1ac29f',2,2610,'2014-05-19 08:41:52',42,1,'e7bfcf236dec332bd1675e66ce6c9d00'),('4056bb0c2bee659c1e14d31a82a37fc7',2,2612,'2014-05-19 09:14:24',40,1,'37b1d521d7a57b0c89dbf4e6fafa52c1'),('e1e9dcf5dc19d12479f5582a667d68ec',2,2616,'2014-05-19 15:55:16',20,1,'6156240a6f270c4618bf8b83eca0767c'),('e1e9dcf5dc19d12479f5582a667d68ec',2,2615,'2014-05-19 15:55:16',20,1,'6156240a6f270c4618bf8b83eca0767c'),('e07fb270ee36adf9252906606e6191ee',2,2617,'2014-05-20 11:46:33',40,1,'13e91fb02dd5907967479264d4c48fae'),('2bcc2e6cc8382f4b4f6d34f1f0b9bc0b',2,2619,'2014-05-20 16:17:30',20,1,'711625ff105a70fc61113a203ee4b73e'),('2bcc2e6cc8382f4b4f6d34f1f0b9bc0b',2,2620,'2014-05-20 16:17:30',20,1,'711625ff105a70fc61113a203ee4b73e'),('5e642a0a278f00118118bbf6f09c66fe',2,2621,'2014-05-20 16:17:53',20,1,'bc6858e29493e9681dd8a653c97dac8c'),('809b742f7ce34fa77b95d434040473a8',2,2622,'2014-05-20 16:18:12',20,1,'ec48c0385b95f4188fafcce88cdba43b'),('03ce12767175f406fecaa11eb4a240ae',2,2623,'2014-05-20 16:18:32',20,1,'71fdfc568951a4e60e0830d836510c19'),('9235d5ac0931f69bc4201629ff0af11a',2,2626,'2014-05-20 16:32:04',40,1,'472c3d673c1706382c6d1e628355d26c'),('9235d5ac0931f69bc4201629ff0af11a',2,2625,'2014-05-20 16:32:04',40,1,'472c3d673c1706382c6d1e628355d26c'),('5ef42b719add19100f6b0f9e49a4e368',2,2627,'2014-05-20 16:50:01',40,1,'d14f751d7ed34a6f39c0d629b68555ca'),('f9ec82223a596a29b2748d619632effa',2,2628,'2014-05-20 17:02:34',20,1,'acc9e2bd19374f8c023a9887c3bc2e02'),('f9ec82223a596a29b2748d619632effa',2,2629,'2014-05-20 17:02:34',20,1,'acc9e2bd19374f8c023a9887c3bc2e02'),('01390d7709715d77af5f67730861e7d3',2,2630,'2014-05-21 08:11:15',42,1,'14b06a29f2a7e2af27eea6bd16626520'),('01632a43e9100f4535ed2f3f28ab9205',2,2636,'2014-05-22 08:22:03',25,0,''),('01632a43e9100f4535ed2f3f28ab9205',2,2637,'2014-05-22 08:22:03',25,0,''),('5ba3894c61ee6beb35b5f05508d0a800',2,2638,'2014-05-22 08:22:49',25,1,'06147e78da21605212c0b7cb97d9f9e1'),('9dc7c3a397d7e7c6c6c031b058c967e5',2,2641,'2014-05-22 14:38:47',20,1,'48ddaf8b33dba6fce09a54c49fcf9366'),('9dc7c3a397d7e7c6c6c031b058c967e5',2,2642,'2014-05-22 14:38:47',20,1,'48ddaf8b33dba6fce09a54c49fcf9366'),('e637bb5ebcc6bb3a5f6adbcc46f0282a',2,2644,'2014-05-22 15:55:01',25,1,'f89589c70dee9269c0d29df6c83c7e9c'),('e637bb5ebcc6bb3a5f6adbcc46f0282a',2,2645,'2014-05-22 15:55:02',25,1,'f89589c70dee9269c0d29df6c83c7e9c'),('e637bb5ebcc6bb3a5f6adbcc46f0282a',2,2646,'2014-05-22 15:55:02',25,1,'f89589c70dee9269c0d29df6c83c7e9c'),('e637bb5ebcc6bb3a5f6adbcc46f0282a',2,2647,'2014-05-22 15:55:02',25,1,'f89589c70dee9269c0d29df6c83c7e9c'),('2e5b7e30a062bf76f4d1ea2b096f64dc',2,2648,'2014-05-22 16:01:23',25,1,'8a8e8248641a9694ce23dca269528cf7'),('adbb59def949937b2baf57fdbfd1e644',2,2607,'2014-05-23 08:37:29',25,1,'bd33f6061a1331febc38c02421f501f5'),('67494a18f55c5fd5d615fac7b7a6da67',2,2650,'2014-05-23 13:50:35',40,1,'d2c66b95a2823434cd428a844b218be4'),('a918e0b7df68b9b6867d0ad67dd1021f',2,2651,'2014-05-23 13:50:42',40,1,'692c84c0948fb82ac260cf75c0eb128c'),('9184eed81bc8fcb1a8cd66f608d6ff9d',2,2664,'2014-06-04 10:27:38',42,1,'882af303e8b96cb3754bbf0fe4d0f452'),('ab844cc02931fdce86198fe860cc015a',2,2667,'2014-06-05 09:32:57',42,1,'93da0de7e07b67e4800724f900a7bf80'),('47f7e3c85c334928f9a159332a74d373',2,2668,'2014-06-05 09:33:32',42,1,'3fd3181c1275853a1285894483e7d964'),('47f7e3c85c334928f9a159332a74d373',2,2669,'2014-06-05 09:33:32',42,1,'3fd3181c1275853a1285894483e7d964'),('47f7e3c85c334928f9a159332a74d373',2,2670,'2014-06-05 09:33:32',42,1,'3fd3181c1275853a1285894483e7d964'),('2c76ffe0382f3cf06b0de655d9b228d3',2,2672,'2014-06-09 07:47:06',42,1,'5ab25af661ec0261c76455408c774de6'),('2c76ffe0382f3cf06b0de655d9b228d3',2,2673,'2014-06-09 07:47:06',42,1,'5ab25af661ec0261c76455408c774de6'),('2c76ffe0382f3cf06b0de655d9b228d3',2,2674,'2014-06-09 07:47:06',42,1,'5ab25af661ec0261c76455408c774de6'),('2c76ffe0382f3cf06b0de655d9b228d3',2,2675,'2014-06-09 07:47:06',42,1,'5ab25af661ec0261c76455408c774de6'),('2c76ffe0382f3cf06b0de655d9b228d3',2,2676,'2014-06-09 07:47:06',42,1,'5ab25af661ec0261c76455408c774de6'),('2c76ffe0382f3cf06b0de655d9b228d3',2,2677,'2014-06-09 07:47:06',42,1,'5ab25af661ec0261c76455408c774de6'),('2c76ffe0382f3cf06b0de655d9b228d3',2,2678,'2014-06-09 07:47:06',42,1,'5ab25af661ec0261c76455408c774de6'),('2c76ffe0382f3cf06b0de655d9b228d3',2,2679,'2014-06-09 07:47:06',42,1,'5ab25af661ec0261c76455408c774de6'),('2c76ffe0382f3cf06b0de655d9b228d3',2,2680,'2014-06-09 07:47:06',42,1,'5ab25af661ec0261c76455408c774de6'),('2c76ffe0382f3cf06b0de655d9b228d3',2,2681,'2014-06-09 07:47:06',42,1,'5ab25af661ec0261c76455408c774de6'),('ffc5434feafa4acfe9520e3f087c8b3c',2,2682,'2014-06-09 07:47:47',42,1,'7fda8839c75399a0270f92d3e01655d8'),('ffc5434feafa4acfe9520e3f087c8b3c',2,2683,'2014-06-09 07:47:47',42,1,'7fda8839c75399a0270f92d3e01655d8'),('ffc5434feafa4acfe9520e3f087c8b3c',2,2684,'2014-06-09 07:47:47',42,1,'7fda8839c75399a0270f92d3e01655d8'),('ffc5434feafa4acfe9520e3f087c8b3c',2,2685,'2014-06-09 07:47:47',42,1,'7fda8839c75399a0270f92d3e01655d8'),('ffc5434feafa4acfe9520e3f087c8b3c',2,2686,'2014-06-09 07:47:47',42,1,'7fda8839c75399a0270f92d3e01655d8'),('0da6d28d1a12a468f2578d2c112a62b6',2,2691,'2014-06-09 14:00:21',25,0,''),('0da6d28d1a12a468f2578d2c112a62b6',2,2690,'2014-06-09 14:00:21',25,0,''),('0da6d28d1a12a468f2578d2c112a62b6',2,2689,'2014-06-09 14:00:21',25,0,''),('0da6d28d1a12a468f2578d2c112a62b6',2,2688,'2014-06-09 14:00:21',25,0,''),('0da6d28d1a12a468f2578d2c112a62b6',2,2687,'2014-06-09 14:00:21',25,0,''),('074d02ef9dbf1544ff8722e6fc27e7be',2,2692,'2014-06-09 14:56:09',20,1,'96ae0e89ac97cdb6002636f545b047eb'),('074d02ef9dbf1544ff8722e6fc27e7be',2,2693,'2014-06-09 14:56:09',20,1,'96ae0e89ac97cdb6002636f545b047eb'),('15cf8a35b5c19f91e136bee6a5f2f404',2,2694,'2014-06-09 14:57:20',20,1,'16cef7a714012a55dc6bac3bbb90bf08'),('15cf8a35b5c19f91e136bee6a5f2f404',2,2695,'2014-06-09 14:57:20',20,1,'16cef7a714012a55dc6bac3bbb90bf08'),('15cf8a35b5c19f91e136bee6a5f2f404',2,2696,'2014-06-09 14:57:20',20,1,'16cef7a714012a55dc6bac3bbb90bf08'),('15cf8a35b5c19f91e136bee6a5f2f404',2,2699,'2014-06-09 14:57:20',20,1,'16cef7a714012a55dc6bac3bbb90bf08'),('15cf8a35b5c19f91e136bee6a5f2f404',2,2700,'2014-06-09 14:57:20',20,1,'16cef7a714012a55dc6bac3bbb90bf08'),('15cf8a35b5c19f91e136bee6a5f2f404',2,2701,'2014-06-09 14:57:20',20,1,'16cef7a714012a55dc6bac3bbb90bf08'),('15cf8a35b5c19f91e136bee6a5f2f404',2,2702,'2014-06-09 14:57:20',20,1,'16cef7a714012a55dc6bac3bbb90bf08'),('15cf8a35b5c19f91e136bee6a5f2f404',2,2703,'2014-06-09 14:57:20',20,1,'16cef7a714012a55dc6bac3bbb90bf08'),('15cf8a35b5c19f91e136bee6a5f2f404',2,2706,'2014-06-09 14:57:20',20,1,'16cef7a714012a55dc6bac3bbb90bf08'),('15cf8a35b5c19f91e136bee6a5f2f404',2,2707,'2014-06-09 14:57:20',20,1,'16cef7a714012a55dc6bac3bbb90bf08'),('ddf4245ffa2240bdc283f72d7944fc48',2,2709,'2014-06-16 13:37:47',22,1,'da8220fd4ce0c12df2cd52e8f243153e');
/*!40000 ALTER TABLE `authen_key` ENABLE KEYS */;
UNLOCK TABLES;

--
-- Table structure for table `calendar_special_days`
--

DROP TABLE IF EXISTS `calendar_special_days`;
/*!40101 SET @saved_cs_client     = @@character_set_client */;
/*!40101 SET character_set_client = utf8 */;
CREATE TABLE `calendar_special_days` (
  `id` int(10) unsigned NOT NULL AUTO_INCREMENT,
  `description` varchar(45) NOT NULL,
  `color` varchar(45) NOT NULL,
  `blocked` tinyint(1) NOT NULL,
  `month` int(10) unsigned NOT NULL,
  `day` int(10) unsigned NOT NULL,
  `year` int(10) unsigned NOT NULL,
  `priority` int(10) unsigned NOT NULL,
  `week_day` int(10) unsigned NOT NULL,
  `name` varchar(45) NOT NULL,
  `user_id` int(10) unsigned NOT NULL,
  PRIMARY KEY (`id`)
) ENGINE=InnoDB AUTO_INCREMENT=10 DEFAULT CHARSET=latin1;
/*!40101 SET character_set_client = @saved_cs_client */;

--
-- Dumping data for table `calendar_special_days`
--

LOCK TABLES `calendar_special_days` WRITE;
/*!40000 ALTER TABLE `calendar_special_days` DISABLE KEYS */;
INSERT INTO `calendar_special_days` VALUES (5,'															End of month pay cycle.							','69AFFF',0,0,15,0,1,0,'Pay Period End',0),(7,'Start of month pay cycle','70B3FF',0,0,16,0,1,0,'Pay Period Start',0),(8,'									','A6CFFF',1,0,0,0,1,7,'Weekend',13),(9,'																											','A6CFFF',1,0,0,0,1,1,'Weekend',13);
/*!40000 ALTER TABLE `calendar_special_days` ENABLE KEYS */;
UNLOCK TABLES;

--
-- Table structure for table `leave_info`
--

DROP TABLE IF EXISTS `leave_info`;
/*!40101 SET @saved_cs_client     = @@character_set_client */;
/*!40101 SET character_set_client = utf8 */;
CREATE TABLE `leave_info` (
  `leave_id` int(10) unsigned NOT NULL AUTO_INCREMENT,
  `date` date NOT NULL,
  `leave_type_id` int(10) unsigned NOT NULL,
  `user_id` int(10) unsigned NOT NULL,
  `description` text NOT NULL,
  `status_id` int(10) unsigned NOT NULL,
  `submit_date` datetime NOT NULL,
  `leave_type_id_special` int(10) unsigned NOT NULL,
  `time` int(10) unsigned NOT NULL,
  `leave_hours` float NOT NULL,
  `delete_date` datetime NOT NULL,
  `year_info_id` int(10) unsigned NOT NULL,
  PRIMARY KEY (`leave_id`)
) ENGINE=InnoDB AUTO_INCREMENT=2710 DEFAULT CHARSET=latin1;
/*!40101 SET character_set_client = @saved_cs_client */;

--
-- Dumping data for table `leave_info`
--

LOCK TABLES `leave_info` WRITE;
/*!40000 ALTER TABLE `leave_info` DISABLE KEYS */;
/*!40000 ALTER TABLE `leave_info` ENABLE KEYS */;
UNLOCK TABLES;

--
-- Table structure for table `leave_type`
--

DROP TABLE IF EXISTS `leave_type`;
/*!40101 SET @saved_cs_client     = @@character_set_client */;
/*!40101 SET character_set_client = utf8 */;
CREATE TABLE `leave_type` (
  `leave_type_id` int(10) unsigned NOT NULL AUTO_INCREMENT,
  `name` varchar(45) NOT NULL,
  `description` text NOT NULL,
  `calendar_color` varchar(45) NOT NULL,
  `special` tinyint(1) unsigned zerofill NOT NULL,
  `hidden` tinyint(1) unsigned zerofill NOT NULL,
  `roll_over` tinyint(1) NOT NULL,
  `max` int(10) unsigned NOT NULL,
  `default_value` int(10) unsigned NOT NULL,
  `year_type_id` int(10) unsigned NOT NULL,
  PRIMARY KEY (`leave_type_id`)
) ENGINE=InnoDB AUTO_INCREMENT=17 DEFAULT CHARSET=latin1;
/*!40101 SET character_set_client = @saved_cs_client */;

--
-- Dumping data for table `leave_type`
--

LOCK TABLES `leave_type` WRITE;
/*!40000 ALTER TABLE `leave_type` DISABLE KEYS */;
INSERT INTO `leave_type` VALUES (1,'Vacation','12 Month Service Basis:  \r\nAcademic staff receive 24 workdays of paid vacation per appointment year at the percentage of their appointment(s)). Vacation is prorated accordingly for partial year appointments.  Vacation is arranged to accommodate the staff member but must be in the best interests of the unit. A maximum accumulation of 48 vacation days may be carried over from one appointment year to the next.','6D92FF',0,0,1,384,0,1),(2,'Sick','Academic staff members (with the exception of medical residents and postdoctoral research associates) who are participants in the State Universities Retirement System or the Federal Retirement System, and who are appointed for at least 50 percent time to a position for which service is expected to be rendered for at least nine consecutive months, will earn sick leave of 12 work days for each appointment year, the unused portion of which shall accumulate without maximum. If these 12 days are fully utilized in any appointment year, up to 13 additional work days will be available for extended sick leave in that appointment year, no part of which 13 days shall be cumulative or eligible for payment. No additional sick leave is earned for a summer appointment. In the case of an appointment for less than a full appointment year, and in the case of a part-time appointment, the 12 days cumulative and the 13 days noncumulative leave shall be prorated.','FFB0B0',0,0,1,9999,0,1),(7,'Family and Medical','Eligible employees are entitled to up to 12 weeks of family and medical leave at the percentage of their appointments. FMLA is not required to be paid leave, however, employees may use paid vacation and/or sick leave, in accordance with existing University policy, for any portion of this leave. Such leaves will be granted to eligible employees for the birth or adoption of a child; for the care of a child, spouse, or parent who has a serious health condition; or when an employee is unable to perform the function of his or her position due to a serious health condition. Family and medical leave may run concurrently with workers\' compensation. For information regarding specific eligibility criteria and the University policy, employees should contact their department/unit or the Office of Academic Human Resources.\r\n\r\nEligibility: 12 months service to the University (not necessary to be continuous) and at least 1250 hours of service in the last 12 months. ','FFF894',1,0,0,0,0,1),(8,'Furlough','Furlough','6EFF86',1,0,0,0,0,1),(9,'Unpaid','With appropriate approvals, a member of the academic staff may be granted a leave of absence without pay for a period of one year or less. Such a leave may be renewed in special circumstances, ordinarily for not more than one year.  Leave for family reasons is defined as leave without pay for such purposes as child-rearing and care of an invalid or seriously ill spouse, parent, child, or other close relative or member of the household. It is available to males or females, regardless of marital status, and is applicable to the adoption of children. Leave of Absence without Pay is not normally granted to academic staff on visiting appointments. ','29D4FF',0,1,0,0,0,1),(10,'Noncumulative Sick','If 12 days of sick leave are fully utilized in any appointment year, up to 13 additional work days will be available for extended sick leave in that appointment year, no part of which 13 days shall be cumulative or eligible for payment. No additional sick leave is earned for a summer appointment','FFBABA',0,1,0,0,0,1),(13,'Floating Holiday','Each fiscal year (July 1 to June 30), 2 non-cumulative floating holidays are available to academic staff who are appointed at least 50%.  Floating holiday days are prorated to the percentage of the employee\'s appointment. Floating holidays are not prorated for partial year appointments. ','FF8FFF',0,0,0,0,0,25),(14,'Parental','Employees with at least 6 continuous months of employment are eligible for paid leave of up to two calendar weeks per academic year immediately following the birth or adoption of the eligible academic staff member\'s child.  \r\nHolidays that fall within the two calendar week period do not extend the parental leave.  \r\nParental leave cannot be used intermittently. Employees who hold only hourly appointments (Academic or Grad hourly) are not eligible for this benefit.  \r\nLeave is counted as part of the 12-week FMLA leave for FMLA-eligible employees (see Family and Medical Leave).  \r\nParental leave is available to both mothers and fathers.  \r\nAdditionally, if both parents are University employees and otherwise eligible, both may receive and use parental leave, but the usage must be concurrent. ','19733A',0,0,0,0,0,1),(15,'Bereavement Leave','Paid leave of up to three workdays due to death of a member of the employee\'s immediate family or household including: father, mother, sister, brother, spouse, or child of the employee.  Also included as immediate family is mother-, father-, brother-, sister-, son-, and daughter-in-law, as well as grandchildren and/or grandparents.  Paid leave of one day due to the death of a relative outside the immediate family including aunt, uncle, niece, nephew, or cousin of the employee.rnRelationships existing due to marriage terminate upon the death or divorce of the relative through whom the marriage relationship exists.  Current Illinois state law defines marital status.','8DB4C2',0,0,0,0,0,1),(16,'Jury Duty','Release time is granted for the duration of jury duty.  The employee may also retain funds paid in compensation for jury duty.','ED8E2F',0,0,0,0,0,1);
/*!40000 ALTER TABLE `leave_type` ENABLE KEYS */;
UNLOCK TABLES;

--
-- Table structure for table `leave_user_info`
--

DROP TABLE IF EXISTS `leave_user_info`;
/*!40101 SET @saved_cs_client     = @@character_set_client */;
/*!40101 SET character_set_client = utf8 */;
CREATE TABLE `leave_user_info` (
  `user_id` int(10) unsigned NOT NULL,
  `leave_type_id` int(10) unsigned NOT NULL,
  `used_hours` float NOT NULL,
  `hidden` tinyint(1) unsigned zerofill NOT NULL,
  `initial_hours` float NOT NULL,
  `added_hours` float NOT NULL,
  `year_info_id` int(10) unsigned NOT NULL,
  `leave_user_info_id` int(10) unsigned NOT NULL AUTO_INCREMENT,
  PRIMARY KEY (`leave_user_info_id`)
) ENGINE=InnoDB AUTO_INCREMENT=3755 DEFAULT CHARSET=latin1;
/*!40101 SET character_set_client = @saved_cs_client */;

--
-- Dumping data for table `leave_user_info`
--

LOCK TABLES `leave_user_info` WRITE;
/*!40000 ALTER TABLE `leave_user_info` DISABLE KEYS */;
INSERT INTO `leave_user_info` VALUES (13,1,0,0,0,0,24,299),(13,2,0,0,0,0,24,300),(13,7,0,1,0,0,24,302),(13,8,0,1,0,0,24,303),(13,9,0,0,0,0,24,304),(13,10,0,1,0,0,24,305),(13,1,0,0,0,0,25,418),(13,2,0,0,0,0,25,419),(13,7,0,1,0,0,25,421),(13,8,0,1,0,0,25,422),(13,9,0,0,0,0,25,423),(13,10,0,1,0,0,25,424),(13,13,0,0,0,0,64,1082),(13,13,0,0,0,0,65,1083),(13,1,0,0,0,0,72,1728),(13,2,0,0,0,0,72,1729),(13,7,0,1,0,0,72,1730),(13,8,0,1,0,0,72,1731),(13,9,0,0,0,0,72,1732),(13,10,0,1,0,0,72,1733),(13,1,0,0,0,0,73,1830),(13,2,0,0,0,0,73,1831),(13,7,0,1,0,0,73,1832),(13,8,0,1,0,0,73,1833),(13,9,0,0,0,0,73,1834),(13,10,0,1,0,0,73,1835),(13,14,0,1,0,0,24,1932),(13,14,0,1,0,0,25,1933),(13,14,0,1,0,0,72,1934),(13,14,0,1,0,0,73,1935),(13,15,0,1,0,0,24,2000),(13,15,0,1,0,0,25,2001),(13,15,0,1,0,0,72,2002),(13,15,0,1,0,0,73,2003),(13,16,0,1,0,0,24,2068),(13,16,0,1,0,0,25,2069),(13,16,0,1,0,0,72,2070),(13,16,0,1,0,0,73,2071),(13,1,0,0,0,0,74,2174),(13,2,0,0,0,0,74,2175),(13,7,0,1,0,0,74,2176),(13,8,0,1,0,0,74,2177),(13,9,0,1,0,0,74,2178),(13,10,0,1,0,0,74,2179),(13,14,0,1,0,0,74,2180),(13,15,0,0,0,0,74,2181),(13,16,0,0,0,0,74,2182),(13,13,0,0,0,0,75,2994),(13,13,0,0,0,0,76,3261),(13,1,0,0,0,0,77,3293),(13,2,0,0,0,0,77,3294),(13,7,0,0,0,0,77,3295),(13,8,0,0,0,0,77,3296),(13,9,0,1,0,0,77,3297),(13,10,0,1,0,0,77,3298),(13,14,0,0,0,0,77,3299),(13,15,0,0,0,0,77,3300),(13,16,0,0,0,0,77,3301);
/*!40000 ALTER TABLE `leave_user_info` ENABLE KEYS */;
UNLOCK TABLES;

--
-- Table structure for table `pay_period`
--

DROP TABLE IF EXISTS `pay_period`;
/*!40101 SET @saved_cs_client     = @@character_set_client */;
/*!40101 SET character_set_client = utf8 */;
CREATE TABLE `pay_period` (
  `pay_period_id` int(10) unsigned NOT NULL AUTO_INCREMENT,
  `start_date` date NOT NULL,
  `end_date` date NOT NULL,
  `year_info_id` int(10) unsigned NOT NULL,
  PRIMARY KEY (`pay_period_id`)
) ENGINE=InnoDB AUTO_INCREMENT=381 DEFAULT CHARSET=latin1;
/*!40101 SET character_set_client = @saved_cs_client */;

--
-- Dumping data for table `pay_period`
--

LOCK TABLES `pay_period` WRITE;
/*!40000 ALTER TABLE `pay_period` DISABLE KEYS */;
INSERT INTO `pay_period` VALUES (39,'2010-08-16','2010-09-15',24),(40,'2010-09-16','2010-10-15',24),(41,'2010-10-16','2010-11-15',24),(42,'2010-11-16','2010-12-15',24),(43,'2010-12-16','2011-01-15',24),(44,'2011-01-16','2011-02-15',24),(45,'2011-02-16','2011-03-15',24),(46,'2011-03-16','2011-04-15',24),(47,'2011-04-16','2011-05-15',24),(48,'2011-05-16','2011-06-15',24),(49,'2011-06-16','2011-07-15',24),(50,'2011-07-16','2011-08-15',24),(51,'2011-08-16','2011-09-15',25),(52,'2011-09-16','2011-10-15',25),(53,'2011-10-16','2011-11-15',25),(54,'2011-11-16','2011-12-15',25),(55,'2011-12-16','2012-01-15',25),(56,'2012-01-16','2012-02-15',25),(57,'2012-02-16','2012-03-15',25),(58,'2012-03-16','2012-04-15',25),(59,'2012-04-16','2012-05-15',25),(60,'2012-05-16','2012-06-15',25),(61,'2012-06-16','2012-07-15',25),(62,'2012-07-16','2012-08-15',25),(281,'2010-07-01','2011-06-30',64),(282,'2011-07-01','2012-06-30',65),(283,'2010-08-16','2010-09-15',68),(284,'2010-09-16','2010-10-15',68),(285,'2010-10-16','2010-11-15',68),(286,'2010-11-16','2010-12-15',68),(287,'2010-12-16','2011-01-15',68),(288,'2011-01-16','2011-02-15',68),(289,'2011-02-16','2011-03-15',68),(290,'2011-03-16','2011-04-15',68),(291,'2011-04-16','2011-05-15',68),(292,'2011-05-16','2011-06-15',68),(293,'2011-06-16','2011-07-15',68),(294,'2011-07-16','2011-08-15',68),(295,'2010-08-16','2010-09-15',69),(296,'2010-09-16','2010-10-15',69),(297,'2010-10-16','2010-11-15',69),(298,'2010-11-16','2010-12-15',69),(299,'2010-12-16','2011-01-15',69),(300,'2011-01-16','2011-02-15',69),(301,'2011-02-16','2011-03-15',69),(302,'2011-03-16','2011-04-15',69),(303,'2011-04-16','2011-05-15',69),(304,'2011-05-16','2011-06-15',69),(305,'2011-06-16','2011-07-15',69),(306,'2011-07-16','2011-08-15',69),(307,'2010-08-16','2010-09-15',70),(308,'2010-09-16','2010-10-15',70),(309,'2010-10-16','2010-11-15',70),(310,'2010-11-16','2010-12-15',70),(311,'2010-12-16','2011-01-15',70),(312,'2011-01-16','2011-02-15',70),(313,'2011-02-16','2011-03-15',70),(314,'2011-03-16','2011-04-15',70),(315,'2011-04-16','2011-05-15',70),(316,'2011-05-16','2011-06-15',70),(317,'2011-06-16','2011-07-15',70),(318,'2011-07-16','2011-08-15',70),(319,'2010-08-16','2010-09-15',71),(320,'2010-09-16','2010-10-15',71),(321,'2010-10-16','2010-11-15',71),(322,'2010-11-16','2010-12-15',71),(323,'2010-12-16','2011-01-15',71),(324,'2011-01-16','2011-02-15',71),(325,'2011-02-16','2011-03-15',71),(326,'2011-03-16','2011-04-15',71),(327,'2011-04-16','2011-05-15',71),(328,'2011-05-16','2011-06-15',71),(329,'2011-06-16','2011-07-15',71),(330,'2011-07-16','2011-08-15',71),(331,'2009-08-16','2009-09-15',72),(332,'2009-09-16','2009-10-15',72),(333,'2009-10-16','2009-11-15',72),(334,'2009-11-16','2009-12-15',72),(335,'2009-12-16','2010-01-15',72),(336,'2010-01-16','2010-02-15',72),(337,'2010-02-16','2010-03-15',72),(338,'2010-03-16','2010-04-15',72),(339,'2010-04-16','2010-05-15',72),(340,'2010-05-16','2010-06-15',72),(341,'2010-06-16','2010-07-15',72),(342,'2010-07-16','2010-08-15',72),(343,'2012-08-16','2012-09-15',73),(344,'2012-09-16','2012-10-15',73),(345,'2012-10-16','2012-11-15',73),(346,'2012-11-16','2012-12-15',73),(347,'2012-12-16','2013-01-15',73),(348,'2013-01-16','2013-02-15',73),(349,'2013-02-16','2013-03-15',73),(350,'2013-03-16','2013-04-15',73),(351,'2013-04-16','2013-05-15',73),(352,'2013-05-16','2013-06-15',73),(353,'2013-06-16','2013-07-15',73),(354,'2013-07-16','2013-08-15',73),(355,'2013-08-16','2013-09-15',74),(356,'2013-09-16','2013-10-15',74),(357,'2013-10-16','2013-11-15',74),(358,'2013-11-16','2013-12-15',74),(359,'2013-12-16','2014-01-15',74),(360,'2014-01-16','2014-02-15',74),(361,'2014-02-16','2014-03-15',74),(362,'2014-03-16','2014-04-15',74),(363,'2014-04-16','2014-05-15',74),(364,'2014-05-16','2014-06-15',74),(365,'2014-06-16','2014-07-15',74),(366,'2014-07-16','2014-08-15',74),(367,'2012-07-01','2013-06-30',75),(368,'2013-07-01','2014-06-30',76),(369,'2014-08-16','2014-09-15',77),(370,'2014-09-16','2014-10-15',77),(371,'2014-10-16','2014-11-15',77),(372,'2014-11-16','2014-12-15',77),(373,'2014-12-16','2015-01-15',77),(374,'2015-01-16','2015-02-15',77),(375,'2015-02-16','2015-03-15',77),(376,'2015-03-16','2015-04-15',77),(377,'2015-04-16','2015-05-15',77),(378,'2015-05-16','2015-06-15',77),(379,'2015-06-16','2015-07-15',77),(380,'2015-07-16','2015-08-15',77);
/*!40000 ALTER TABLE `pay_period` ENABLE KEYS */;
UNLOCK TABLES;

--
-- Table structure for table `shared_calendars`
--

DROP TABLE IF EXISTS `shared_calendars`;
/*!40101 SET @saved_cs_client     = @@character_set_client */;
/*!40101 SET character_set_client = utf8 */;
CREATE TABLE `shared_calendars` (
  `owner_id` int(10) unsigned NOT NULL,
  `viewer_id` int(10) unsigned NOT NULL,
  PRIMARY KEY (`owner_id`,`viewer_id`)
) ENGINE=InnoDB DEFAULT CHARSET=latin1;
/*!40101 SET character_set_client = @saved_cs_client */;

--
-- Dumping data for table `shared_calendars`
--

LOCK TABLES `shared_calendars` WRITE;
/*!40000 ALTER TABLE `shared_calendars` DISABLE KEYS */;
INSERT INTO `shared_calendars` VALUES (13,21),(13,22),(13,23),(13,24),(13,45),(13,46),(13,51),(13,56),(13,57),(18,43),(18,49),(18,52),(22,13),(22,24),(22,25),(22,45),(22,51),(22,53),(22,56),(22,57),(23,42),(24,13),(24,22),(24,23),(24,25),(24,45),(24,46),(24,51),(25,13),(25,22),(25,23),(25,24),(25,45),(25,51),(39,50),(42,18),(42,30),(42,43),(42,47),(42,49),(42,54),(42,55),(43,47),(45,13),(45,22),(45,25),(46,13),(46,22),(46,23),(46,24),(46,45),(46,51),(47,19),(47,30),(47,42),(47,54),(47,58),(51,13),(51,22),(51,24),(51,25),(51,45),(51,53),(54,42),(54,47),(54,49),(57,13),(57,25),(58,19),(58,47);
/*!40000 ALTER TABLE `shared_calendars` ENABLE KEYS */;
UNLOCK TABLES;

--
-- Table structure for table `status`
--

DROP TABLE IF EXISTS `status`;
/*!40101 SET @saved_cs_client     = @@character_set_client */;
/*!40101 SET character_set_client = utf8 */;
CREATE TABLE `status` (
  `status_id` int(10) unsigned NOT NULL AUTO_INCREMENT,
  `name` varchar(45) NOT NULL,
  `description` text NOT NULL,
  PRIMARY KEY (`status_id`)
) ENGINE=InnoDB AUTO_INCREMENT=6 DEFAULT CHARSET=latin1;
/*!40101 SET character_set_client = @saved_cs_client */;

--
-- Dumping data for table `status`
--

LOCK TABLES `status` WRITE;
/*!40000 ALTER TABLE `status` DISABLE KEYS */;
INSERT INTO `status` VALUES (1,'New','New leave created by user'),(2,'Approved','Leave was approved by a supervisor'),(3,'Waiting Approval','Waiting on supervisor to approve this elave'),(4,'Deleted','Leaves Deleted'),(5,'Not Approved','Leave was not approved by supervisor');
/*!40000 ALTER TABLE `status` ENABLE KEYS */;
UNLOCK TABLES;

--
-- Table structure for table `user_computer`
--

DROP TABLE IF EXISTS `user_computer`;
/*!40101 SET @saved_cs_client     = @@character_set_client */;
/*!40101 SET character_set_client = utf8 */;
CREATE TABLE `user_computer` (
  `computer_id` int(11) NOT NULL AUTO_INCREMENT,
  `computer_ip` varchar(15) NOT NULL,
  `last_login` datetime NOT NULL,
  `user_id` int(11) NOT NULL,
  PRIMARY KEY (`computer_id`)
) ENGINE=MyISAM AUTO_INCREMENT=3 DEFAULT CHARSET=latin1;
/*!40101 SET character_set_client = @saved_cs_client */;

--
-- Dumping data for table `user_computer`
--

LOCK TABLES `user_computer` WRITE;
/*!40000 ALTER TABLE `user_computer` DISABLE KEYS */;
INSERT INTO `user_computer` VALUES (2,'127.0.0.1','2011-02-22 11:32:24',13);
/*!40000 ALTER TABLE `user_computer` ENABLE KEYS */;
UNLOCK TABLES;

--
-- Table structure for table `user_perm`
--

DROP TABLE IF EXISTS `user_perm`;
/*!40101 SET @saved_cs_client     = @@character_set_client */;
/*!40101 SET character_set_client = utf8 */;
CREATE TABLE `user_perm` (
  `user_perm_id` int(10) unsigned NOT NULL AUTO_INCREMENT,
  `name` varchar(45) NOT NULL,
  `description` varchar(45) NOT NULL,
  PRIMARY KEY (`user_perm_id`)
) ENGINE=InnoDB AUTO_INCREMENT=4 DEFAULT CHARSET=latin1;
/*!40101 SET character_set_client = @saved_cs_client */;

--
-- Dumping data for table `user_perm`
--

LOCK TABLES `user_perm` WRITE;
/*!40000 ALTER TABLE `user_perm` DISABLE KEYS */;
INSERT INTO `user_perm` VALUES (1,'Admin','Administrator User'),(2,'User','Simple User'),(3,'Viewer','View only user');
/*!40000 ALTER TABLE `user_perm` ENABLE KEYS */;
UNLOCK TABLES;

--
-- Table structure for table `user_type`
--

DROP TABLE IF EXISTS `user_type`;
/*!40101 SET @saved_cs_client     = @@character_set_client */;
/*!40101 SET character_set_client = utf8 */;
CREATE TABLE `user_type` (
  `user_type_id` int(10) unsigned NOT NULL AUTO_INCREMENT,
  `name` varchar(45) NOT NULL,
  `description` varchar(45) NOT NULL,
  `hours_block` int(11) NOT NULL,
  PRIMARY KEY (`user_type_id`)
) ENGINE=InnoDB AUTO_INCREMENT=2 DEFAULT CHARSET=latin1;
/*!40101 SET character_set_client = @saved_cs_client */;

--
-- Dumping data for table `user_type`
--

LOCK TABLES `user_type` WRITE;
/*!40000 ALTER TABLE `user_type` DISABLE KEYS */;
INSERT INTO `user_type` VALUES (1,'AP','Academic Profesional',4);
/*!40000 ALTER TABLE `user_type` ENABLE KEYS */;
UNLOCK TABLES;

--
-- Table structure for table `users`
--

DROP TABLE IF EXISTS `users`;
/*!40101 SET @saved_cs_client     = @@character_set_client */;
/*!40101 SET character_set_client = utf8 */;
CREATE TABLE `users` (
  `user_id` int(10) unsigned NOT NULL AUTO_INCREMENT,
  `netid` varchar(45) NOT NULL,
  `first_name` varchar(45) NOT NULL,
  `last_name` varchar(45) NOT NULL,
  `group_id` varchar(45) NOT NULL,
  `user_type_id` varchar(45) NOT NULL,
  `user_perm_id` varchar(45) NOT NULL,
  `email` varchar(45) NOT NULL,
  `supervisor_id` int(10) unsigned NOT NULL,
  `auto_approve` tinyint(1) NOT NULL,
  `percent` int(10) unsigned NOT NULL,
  `calendar_format` int(10) unsigned NOT NULL,
  `block_days` text NOT NULL,
  `start_date` date NOT NULL,
  `enabled` tinyint(1) NOT NULL,
  `auth_key` varchar(45) NOT NULL,
  PRIMARY KEY (`user_id`)
) ENGINE=InnoDB AUTO_INCREMENT=59 DEFAULT CHARSET=latin1;
/*!40101 SET character_set_client = @saved_cs_client */;

--
-- Dumping data for table `users`
--

LOCK TABLES `users` WRITE;
/*!40000 ALTER TABLE `users` DISABLE KEYS */;
INSERT INTO `users` VALUES (13,'nevoband','Nevo','Band','','1','1','nevoband@igb.illinois.edu',22,0,100,0,'0','0000-00-00',1,'9a5dfe016de764811bea01757f3d75d4');
/*!40000 ALTER TABLE `users` ENABLE KEYS */;
UNLOCK TABLES;

--
-- Table structure for table `year_info`
--

DROP TABLE IF EXISTS `year_info`;
/*!40101 SET @saved_cs_client     = @@character_set_client */;
/*!40101 SET character_set_client = utf8 */;
CREATE TABLE `year_info` (
  `year_info_id` int(10) unsigned NOT NULL AUTO_INCREMENT,
  `start_date` date NOT NULL,
  `end_date` date NOT NULL,
  `locked` tinyint(1) NOT NULL DEFAULT '0',
  `year_type_id` int(10) unsigned NOT NULL,
  `prev_year_id` int(10) unsigned NOT NULL,
  `next_year_id` int(10) unsigned NOT NULL,
  PRIMARY KEY (`year_info_id`)
) ENGINE=InnoDB AUTO_INCREMENT=78 DEFAULT CHARSET=latin1;
/*!40101 SET character_set_client = @saved_cs_client */;

--
-- Dumping data for table `year_info`
--

LOCK TABLES `year_info` WRITE;
/*!40000 ALTER TABLE `year_info` DISABLE KEYS */;
INSERT INTO `year_info` VALUES (24,'2010-08-16','2011-08-15',0,1,72,25),(25,'2011-08-16','2012-08-15',0,1,24,73),(64,'2010-07-01','2011-06-30',0,25,0,65),(65,'2011-07-01','2012-06-30',0,25,64,75),(72,'2009-08-16','2010-08-15',0,1,0,24),(73,'2012-08-16','2013-08-15',0,1,25,74),(74,'2013-08-16','2014-08-15',0,1,73,77),(75,'2012-07-01','2013-06-30',0,25,65,76),(76,'2013-07-01','2014-06-30',0,25,75,0),(77,'2014-08-16','2015-08-15',0,1,74,0);
/*!40000 ALTER TABLE `year_info` ENABLE KEYS */;
UNLOCK TABLES;

--
-- Table structure for table `year_type`
--

DROP TABLE IF EXISTS `year_type`;
/*!40101 SET @saved_cs_client     = @@character_set_client */;
/*!40101 SET character_set_client = utf8 */;
CREATE TABLE `year_type` (
  `year_type_id` int(10) unsigned NOT NULL AUTO_INCREMENT,
  `name` varchar(45) NOT NULL,
  `description` text NOT NULL,
  `start_date` date NOT NULL,
  `end_date` date NOT NULL,
  `num_periods` int(11) NOT NULL,
  PRIMARY KEY (`year_type_id`)
) ENGINE=InnoDB AUTO_INCREMENT=26 DEFAULT CHARSET=latin1;
/*!40101 SET character_set_client = @saved_cs_client */;

--
-- Dumping data for table `year_type`
--

LOCK TABLES `year_type` WRITE;
/*!40000 ALTER TABLE `year_type` DISABLE KEYS */;
INSERT INTO `year_type` VALUES (1,'Appointment Year','Appointment Year','2010-08-16','2011-08-15',12),(25,'Fiscal Year','Fiscal Year 12 month period','2010-07-01','2011-06-30',1);
/*!40000 ALTER TABLE `year_type` ENABLE KEYS */;
UNLOCK TABLES;
/*!40103 SET TIME_ZONE=@OLD_TIME_ZONE */;

/*!40101 SET SQL_MODE=@OLD_SQL_MODE */;
/*!40014 SET FOREIGN_KEY_CHECKS=@OLD_FOREIGN_KEY_CHECKS */;
/*!40014 SET UNIQUE_CHECKS=@OLD_UNIQUE_CHECKS */;
/*!40101 SET CHARACTER_SET_CLIENT=@OLD_CHARACTER_SET_CLIENT */;
/*!40101 SET CHARACTER_SET_RESULTS=@OLD_CHARACTER_SET_RESULTS */;
/*!40101 SET COLLATION_CONNECTION=@OLD_COLLATION_CONNECTION */;
/*!40111 SET SQL_NOTES=@OLD_SQL_NOTES */;

-- Dump completed on 2014-07-16 14:10:18
